"id","13","0","5","14","12"

"### 翻译贡献者 / Translators"

"## TOH"
"#13 SChinese: fivefirex & ZeMing & OH233 &  2T & MC-AS-Huier & xiaojin & xyjx001& Tanakanira"

"## TOHE"
"#13 SChinese: KARPED1EM"
"#00 English: Tommy-XL (@Tommy-XL) & Tem (@mogekonik1) & Gurge44 & KARPED1EM & Gurge44"
"#05 Russian: Tommy-XL (@Tommy-XL) & Tem (@mogekonik1)"

"### If you want to translate the mod into other languages -"
"### Visit: https://crowdin.com/project/tohe"
"### Thank you very much for translating for us"

"### 生草作者你好呀！"
"### 其实一直想跟你道个谢，毕竟翻译是一件很累的事情"
"### 即便如此，你还是选择来支持我这个微不足道的小模组"
"### TOHE因你变得更好、变得更加强大啦"
"### 或许我们在未来的路上会经历许多坎坷，或许TOHE的昙花一现就此落幕"
"### 但感谢有你，感谢TOHE短暂的生命中的每一位过客"

"## 作者署名（会显示在右上角，不需要请留空）/ A sign of an author (Please leave blank when not needed)"
"TextBelowVersionText","","","","",""

"# 阵营 / Teams"
"TeamImpostor","内鬼阵营","Team Impostor","Команда Предателей","狼人陣營","内鬼阵营"
"TeamNeutral","中立阵营","Neutral","Нейтрал","中立陣營","中立阵营"
"TeamJackal","豺狼阵营","Team Jackal","Команда Шакалов","豺狼陣營","豺狼阵营"
"TeamPelican","鹈鹕阵营","Team Pelican","Команда Пеликанов","鵜鶘陣營","鹈鹕阵营"
"TeamGamer","玩家阵营","Team Demons","Команда Демонов","玩傢陣營","玩家阵营"

"## 个人竞技模式 / PVP"
"KB_Normal","挑战者","Challenger","Боец","挑戰者","挑战者"
"KB_NormalInfo","击败所有人！","Kill all of them!","Уничтожь их!","撃敗所有人！","击败所有人！"

"## 职业 / Roles"

"# 其它 / Other"
"GM","管理员","GM","GM (Призрак)","管理員","管理员"

"# 隐藏 / Hidden"
"Sunnyboy","阳光开朗大男孩","Sunnyboy","Солнечный мальчик","陽光開朗大男孩","阳光开朗大男孩"
"Bard","吟游诗人","Bard","Бард","吟遊詩人","吟游诗人"

"# 原版职业 / Vanilla"
"Crewmate","船员","Crewmate","Член Экипажа","船員","船员"
"Engineer","工程师","Engineer","Инженер","工程師","工程师"
"Scientist","科学家","Scientist","Ученый","科學家","科学家"
"GuardianAngel","守护天使","Guardian Angel","Ангел-хранитель","守護天使","守护天使"
"Impostor","内鬼","Impostor","Предатель","内鬼","内鬼"
"Shapeshifter","变形者","Shapeshifter","Оборотень","變形者","变形者"

"# 内鬼阵营 / Impostors"
"BountyHunter","赏金猎人","Bounty Hunter","Охотник за Головами","賞金獵人","赏金猎人"
"Mare","梦魇","Mare","Ночной","夢魘","梦魇"
"FireWorks","烟花商人","Fireworker","Фейерверк","煙火工匠","烟花商人"
"SerialKiller","嗜血杀手","Serial Killer","Серийный Убийца","連環殺手","嗜血杀手"
"ShapeMaster","千面鬼","Shape Master","Шпион","變形大師","千面鬼"
"Vampire","吸血鬼","Vampire","Вампир","吸血鬼","吸血鬼"
"Warlock","术士","Warlock","Колдун","術士","术士"
"Assassin","刺客","Assassin","Ассасин","刺客","刺客"
"Zombie","僵尸","Zombie","Зомби","僵屍","僵尸"
"Hacker","骇客","Hacker","Хакер","駭客","骇客"
"Miner","矿工","Miner","Шахтер","礦工","矿工"
"Minimalism","杀戮机器","Killing Machine","Машина для Убийств","殺戮機器","杀戮机器"
"Escapee","逃逸者","Escapist","Беглец","逃逸者","逃逸者"
"Witch","女巫","Witch","Ведьма","女巫","女巫"
"Mafia","黑手党","Mafia","Мафия","黑手黨","黑手党"
"Puppeteer","傀儡师","Puppeteer","Кукловод","傀儡師","傀儡师"
"TimeThief","蚀时者","Time Thief","Вор Времени","蝕時者","蚀时者"
"Sniper","狙击手","Sniper","Снайпер","狙擊手","狙击手"
"EvilTracker","追踪者","Evil Tracker","Злой Трекер","追踪者","追踪者"
"EvilGuesser","邪恶赌怪","Evil Guesser","Злой Угадыватель","邪惡賭怪","邪恶赌怪"
"AntiAdminer","监管者","Anti Adminer","Анти Админер","監管者","监管者"
"Sans","狂妄杀手","Arrogance","Высокомер","狂妄殺手","狂妄杀手"
"Bomber","自爆兵","Bomber","Бомбер","自爆兵","自爆兵"
"Scavenger","清道夫","Scavenger","Уборщик","清道夫","清道夫"
"BoobyTrap","诡雷","Booby Trap","Мина Ловушка","詭雷","诡雷"
"Capitalism","资本家","Capitalist","Капиталист","資本傢","资本家"
"Gangster","教父","Gangster","Гангстер","教父","教父"
"Cleaner","清理工","Cleaner","Очиститель","清理工","清理工"
"Messenger","情报贩子","Informant","Информатор","情報販子","情报贩子"
"BallLightning","球状闪电","Lightning","Молния","球狀閃電","球状闪电"
"Greedier","贪婪者","Greedy","Жадина","貪婪者","贪婪者"
"CursedWolf","呪狼","Cursed Wolf","Проклятый Волк","呪狼","呪狼"
"ImperiusCurse","夺魂者","Soul Catcher","Ловец Душ","奪魂者","夺魂者"
"QuickShooter","快枪手","Quick Shooter","Стрелок","快槍手","快枪手"
"Concealer","隐蔽者","Concealer","Консилер","隱蔽者","隐蔽者"
"Eraser","抹除者","Eraser","Стирачка","抹除者","抹除者"
"OverKiller","肢解者","Butcher","Мясник","肢解者","肢解者"
"Hangman","刽子手","Hangman","Вешатель","劊子手","刽子手"

"# 船员阵营 / Crewmates"
"Bait","诱饵","Bait","Байт","誘餌","诱饵"
"Luckey","幸运儿","Luckey","Удачник","幸運兒","幸运儿"
"Needy","摆烂人","Lazy Guy","Ленивый Парень","擺爛人","摆烂人"
"SuperStar","大明星","Super Star","Супер Звезда","大明星","大明星"
"CyberStar","网红","Celebrity","Знаменитость","網紅","网红"
"SwordsMan","侠客","Knight","Рыцарь","俠客","侠客"
"Mayor","市长","Mayor","Мэр","市長","市长"
"Paranoia","被害妄想症","Paranoid","Параноик","被害妄想症","被害妄想症"
"Psychic","愚者","Psychic","Экстрасенс","愚者","愚者"
"SabotageMaster","修理工","Repairman","Ремонтник","修理工","修理工"
"Sheriff","警长","Sheriff","Шериф","警长","警长"
"Snitch","告密者","Snitch","Стукач","告密者","告密者"
"SpeedBooster","增速者","Speed Booster","Ускоритель","增速者","增速者"
"Doctor","法医","Doctor","Доктор","法医","法医"
"Trapper","陷阱师","Beartrap","Капкан","陷阱师","陷阱师"
"Dictator","独裁者","Dictator","Диктатор","独裁者","独裁者"
"Detective","侦探","Detective","Детектив","侦探","侦探"
"NiceGuesser","正义赌怪","Nice Guesser","Добрый Угадыватель","正义赌怪","正义赌怪"
"Transporter","传送师","Transporter","Транспортер","传送师","传送师"
"TimeManager","时间操控者","Time Manager","Мастер Времени","时间操控者","时间操控者"
"Veteran","老兵","Veteran","Ветеран","老兵","老兵"
"Bodyguard","保镖","Bodyguard","Телохранитель","保镖","保镖"
"Counterfeiter","赝品商","Deceiver","Обманщик","赝品商","赝品商"
"Grenadier","掷雷兵","Grenadier","Гренадёр","掷雷兵","掷雷兵"
"Medicaler","医生","Medic","Медик","医生","医生"
"Divinator","占卜师","Fortune Teller","Гадалка","占卜师","占卜师"
"Glitch","活死人","The Glitch","Ошибка","活死人","活死人"
"Judge","法官","Judge","Судья","法官","法官"
"Mortician","入殓师","Mortician","Гробовщик","入殓师","入殓师"
"Mediumshiper","通灵师","Medium","Медиум","通灵师","通灵师"

"# 中立阵营 / Neutrals"
"Jester","小丑","Jester","Шут","小丑","小丑"
"Arsonist","纵火犯","Arsonist","Поджигатель","纵火犯","纵火犯"
"Terrorist","恐怖分子","Terrorist","Террорист","恐怖分子","恐怖分子"
"Executioner","处刑人","Executioner","Палач","处刑人","处刑人"
"Opportunist","投机者","Opportunist","Выживший","投机者","投机者"
"Mario","马里奥","Mario","Марио","马里奥","马里奥"
"Jackal","豺狼","Jackal","Шакал","豺狼","豺狼"
"God","神","God","Дьявол","神","神"
"Innocent","冤罪师","Innocent","Обвинитель","冤罪师","冤罪师"
"Pelican","鹈鹕","Pelican","Пеликан","鹈鹕","鹈鹕"
"Revolutionist","革命家","Revolutionist","Революционер","革命家","革命家"
"FFF","FFF团","Hater","Бессердечник","FFF团","FFF团"
"Konan","柯南","Konan","Конан","柯南","柯南"
"Gamer","玩家","Demon","Демон","玩家","玩家"
"DarkHide","潜藏者","Stalker","Сталкер","潜藏者","潜藏者"
"Workaholic","工作狂","Workaholic","Трудоголик","工作狂","工作狂"
"Collector","集票者","Collector","Коллектор","集票者","集票者"
"Provocateur","自爆卡车","Provocateur","Провокатор","自爆卡车","自爆卡车"

"# 附加职业 / Add-ons"
"LastImpostor","绝境者","Last Impostor","Последний Предатель","绝境者","绝境者"
"Lovers","恋人","Lovers","Любовники","恋人","恋人"
"Madmate","叛徒","Madmate","Безумец","叛徒","叛徒"
"Ntr","海王","Neptune","Нептун","海王","海王"
"Watcher","窥视者","Watcher","Наблюдатель","窥视者","窥视者"
"Flashman","闪电侠","Flash","Флэш","闪电侠","闪电侠"
"Lighter","执灯人","Lighter","Фонарик","执灯人","执灯人"
"Seer","灵媒","Seer","Провидец","灵媒","灵媒"
"Brakar","破平者","Tiebreaker","Решающий","破平者","破平者"
"Oblivious","胆小鬼","Oblivious","Забывчивый","胆小鬼","胆小鬼"
"Bewilder","迷幻者","Bewilder","Растерянный","迷幻者","迷幻者"
"Workhorse","加班狂","Workhorse","Работник","加班狂","加班狂"
"Fool","蠢蛋","Fool","Глупец","蠢蛋","蠢蛋"
"Avanger","复仇者","Avenger","Мститель","复仇者","复仇者"
"Youtuber","UP主","YouTuber","Ютубер","UP主","UP主"
"Egoist","利己主义者","Egoist","Эгоист","利己主义者","利己主义者"
"TicketsStealer","窃票者","Stealer","Вор","窃票者","窃票者"
"DualPersonality","双重人格","Schizophrenic","Шизофреник","双重人格","双重人格"
"Mimic","宝箱怪","Mimic","Мимик","宝箱怪","宝箱怪"

"## 附加职业作为前缀时 / Prefixes for Add-ons"

"Prefix.Ntr","海王","Neptunian ","Нептунский ","海王","海王"
"Prefix.Watcher","窥视","Watcher ","Наблюдательный ","窥视","窥视"
"Prefix.Flashman","闪电","Flash ","Флэшевый ","闪电","闪电"
"Prefix.Lighter","执灯","Lighter ","Фонариковый ","执灯","执灯"
"Prefix.Seer","灵媒","Seer ","Провидящий ","灵媒","灵媒"
"Prefix.Brakar","破平","Tiebreaker ","Решающий ","破平","破平"
"Prefix.Oblivious","胆小","Oblivious ","Забывчивый ","胆小","胆小"
"Prefix.Bewilder","迷幻","Bewilder ","Растерянный ","迷幻","迷幻"
"Prefix.Workhorse","加班狂","Workhorse ","Рабочий ","加班狂","加班狂"
"Prefix.Fool","蠢蛋","Fool ","Глуповатый ","蠢蛋","蠢蛋"
"Prefix.Avanger","复仇","Avenger ","Мстительный ","复仇","复仇"
"Prefix.Youtuber","UP主","YouTuber ","Ютубер ","UP主","UP主"
"Prefix.Egoist","利己主义","Egoist ","Эгоистичный ","利己主义","利己主义"
"Prefix.TicketsStealer","窃票","Stealer ","Ворующий ","窃票","窃票"
"Prefix.DualPersonality","双重人格","Schizophrenic ","Шизофренический ","双重人格","双重人格"
"Prefix.Mimic","宝箱怪","Mimic ","Мимикующий ","宝箱怪","宝箱怪"

"## 以下是职业简介（显示在开局以及任务栏的文本）/ Shows at Impostor/Crewmate"" screen"""

"# 中立阵营 / Neutral descriptions"
"NeutralInfo","中立阵营","A team on their own.","Команда которая играет за себя","中立阵营","中立阵营"

"# 内鬼阵营 / Impostor descriptions"
"BountyHunterInfo","走，去拿下你的目标！","Eliminate your target","Охотьтесь за своей целью","走，去拿下你的目标！","走，去拿下你的目标！"
"MareInfo","Good Night~","Kill in the Darkness","Убивайте в темноте","Good Night~","Good Night~"
"FireWorksInfo","一起来看最后的烟花吧","Go out with a BANG","Морфитесь чтобы поставить фейерверк","一起来看最后的烟花吧","一起来看最后的烟花吧"
"SerialKillerInfo","这么多人至少得死一两个吧","Keep killing, else you suicide","Убивай чтобы ты не умер","这么多人至少得死一两个吧","这么多人至少得死一两个吧"
"ShapeMasterInfo","猜猜我是谁","You have no SS cooldown","Морфитесь чтобы запутать всех Членов Экипажа","猜猜我是谁","猜猜我是谁"
"VampireInfo","快去榨干他们","Your kills are delayed","Укусите всех Членов Экипажа","快去榨干他们","快去榨干他们"
"WarlockInfo","人心的脆弱，最容易被利用了","Curse Players then SS","Прокляните всех Членов Экипажа","人心的脆弱，最容易被利用了","人心的脆弱，最容易被利用了"
"AssassinInfo","信仰的一击！","Mark target, SS to Assassinate them","Телепортируйтесь к игроку и убейте его!","信仰的一击！","信仰的一击！"
"ZombieInfo","咬死他们，碾碎他们！","You are very slow","Ты очень медленный","咬死他们，碾碎他们！","咬死他们，碾碎他们！"
"HackerInfo","藏在黑暗背后吧","Force a player to report a body","Заставить игрока зарепортить труп","藏在黑暗背后吧","藏在黑暗背后吧"
"MinerInfo","条条管道通罗马","SS to TP to Last Vent you were in","Телепортируйтесь к вентиляции","条条管道通罗马","条条管道通罗马"
"MinimalismInfo","简单地弄死他们即可~","You can ONLY kill, but low CD","Ты настоящий Терминатор","简单地弄死他们即可~","简单地弄死他们即可~"
"EscapeeInfo","追杀？不存在的","SS to Mark Places & TP back there","Телепортируйся в отмеченную точку","追杀？不存在的","追杀？不存在的"
"WitchInfo","阿瓦达啃大瓜！","Cast Spells to Kill in Meetings","Заклинайте Членов Экипажа","阿瓦达啃大瓜！","阿瓦达啃大瓜！"
"MafiaInfo","总有人不懂我的施舍呢","Kill when all other imps are out","Отомсти за свою смерть","总有人不懂我的施舍呢","总有人不懂我的施舍呢"
"BeforeMafiaInfo","总有人不懂我的施舍呢","You can't kill yet","Вы еще не можете убивать","总有人不懂我的施舍呢","总有人不懂我的施舍呢"
"AfterMafiaInfo","下辈子总该记住我了吧","Now start killing","Время убивать","下辈子总该记住我了吧","下辈子总该记住我了吧"
"PuppeteerInfo","一只只可爱的娃娃，在互相厮杀","Make players kill for you","Заставьте Члена Экипажа убить","一只只可爱的娃娃，在互相厮杀","一只只可爱的娃娃，在互相厮杀"
"TimeThiefInfo","阻止开会模拟器的诞生","Lower Meeting time with each kill","Убивайте игроков чтобы сократить время встречи","阻止开会模拟器的诞生","阻止开会模拟器的诞生"
"SniperInfo","厉害啊，强强命中","SS to Kill from Far Away","Стреляйте в Членов Экипажа на расстоянии","厉害啊，强强命中","厉害啊，强强命中"
"EvilTrackerInfo","你不要过来啊啊啊","SS to Track Players","Отслеживайте Игроков","你不要过来啊啊啊","你不要过来啊啊啊"
"AntiAdminerInfo","没什么能逃过你的眼睛","Know when players are near devices","Ты знаешь что кто-то рядом с устройством","没什么能逃过你的眼睛","没什么能逃过你的眼睛"
"SansInfo","降下审判！","Your Kill CD is Reduced with each kill","Откат после убийства становится все меньше и меньше","降下审判！","降下审判！"
"BomberInfo","Creeper? Aww Man..","Creeper? Aww Man...","ВЗОРВИСЬ!","Creeper? Aww Man..","Creeper? Aww Man.."
"BoobyTrapInfo","艺术就是爆炸！","Start a Killing Chain","Установи Мину на труп","艺术就是爆炸！","艺术就是爆炸！"
"ScavengerInfo","夺走你的一切真是抱歉","Your kills are Unreportable","Убивай, не оставляя следов","夺走你的一切真是抱歉","夺走你的一切真是抱歉"
"EvilGuesserInfo","想来一把吗，伙计","Guess Nice Roles in Meetings to Kill","Угадывай добрые роли игроков","想来一把吗，伙计","想来一把吗，伙计"
"CapitalismInfo","这可都是劳动力呀","Add More Tasks to Players","Добавьте еще одно задание Члену Экипажа","这可都是劳动力呀","这可都是劳动力呀"
"GangsterInfo","是时候重整旗鼓了！","Convert players to your side","Перемани игроков на свою сторону","是时候重整旗鼓了！","是时候重整旗鼓了！"
"CleanerInfo","从世界上抹除掉他们！","Report bodies to make them Unreportable","Очисти труп","从世界上抹除掉他们！","从世界上抹除掉他们！"
"BallLightningInfo","量子轰炸！","Convert players to Quantum Ghosts","Превратите игрока в квантового призрака","量子轰炸！","量子轰炸！"
"GreedierInfo","哈哈哈哈哈哈哈哈哈哈哈","Low Kill CD for every 2nd Kill","Хочу ещё, ещё, ещё, ещё...","哈哈哈哈哈哈哈哈哈哈哈","哈哈哈哈哈哈哈哈哈哈哈"
"CursedWolfInfo","杀我是你做过最愚蠢的决定","You survive a few Kill Attempts","Я БЕССМЕРТЕН!","杀我是你做过最愚蠢的决定","杀我是你做过最愚蠢的决定"
"ImperiusCurseInfo","啊对啊，我是红色，那我还能是谁呢","You swap places with your SS target","Поменяйся местами с Членами Экипажа","啊对啊，我是红色，那我还能是谁呢","啊对啊，我是红色，那我还能是谁呢"
"QuickShooterInfo","I have a big PLAN！","Store Ammo to Offset Kill CD","У меня есть большой ПЛАН!","I have a big PLAN！","I have a big PLAN！"
"ConcealerInfo","当所有人戴上面具，一切都自由了","SS to Camouflage Everyone","Измени облик всех игроков","当所有人戴上面具，一切都自由了","当所有人戴上面具，一切都自由了"
"EraserInfo","恕我直言，你不配拥有能力","Erase the Role of Vote Target","Сотри роли Членов Экипажа","恕我直言，你不配拥有能力","恕我直言，你不配拥有能力"
"OverKillerInfo","且欣赏我美丽的作品","Enjoy my beautiful work","Наслаждайтесь моей работой","且欣赏我美丽的作品","且欣赏我美丽的作品"
"HangmanInfo","就由我，来结束你的生命","I will decide when your life will end","Какой труп? Нет тут никого.","就由我，来结束你的生命","就由我，来结束你的生命"

"# 船员阵营 / Crewmate descriptions"
"BaitInfo","好消息，杀了我可以吃席","Your Killer self-reports your body","Убийца моментально зарепортит ваш труп","好消息，杀了我可以吃席","好消息，杀了我可以吃席"
"LuckeyInfo","你擅长治疗内鬼的低血压","Your Killer may Miss the Kill","Возьми с собой крест，спасет от пули","你擅长治疗内鬼的低血压","你擅长治疗内鬼的低血压"
"NeedyInfo","摆烂快乐！摆烂万岁！","You're too lazy","Ты слишком ленивый","摆烂快乐！摆烂万岁！","摆烂快乐！摆烂万岁！"
"SuperStarInfo","全体目光向我看齐！","Everyone knows you","Все знают кто ты!","全体目光向我看齐！","全体目光向我看齐！"
"CyberStarInfo","放心去吧，会有人报道你的","Everyone knows when you die","Все узнают о твоей смерти","放心去吧，会有人报道你的","放心去吧，会有人报道你的"
"MayorInfo","你拥有让独裁羡慕死的技能","Your vote counts multiple times","У вас больше голосов","你拥有让独裁羡慕死的技能","你拥有让独裁羡慕死的技能"
"ParanoiaInfo","我好像快死了诶","You have a portable meeting button","У вас есть портативная кнопка","我好像快死了诶","我好像快死了诶"
"PsychicInfo","太好了，我逐渐理解一切","1 of the Red Names are Evil","Ты можешь узнать кто является злым","太好了，我逐渐理解一切","太好了，我逐渐理解一切"
"SabotageMasterInfo","你是一个修理匠，修理本领强","Fix Sabotages Faster & Vent","Устраните саботаж в одиночку","你是一个修理匠，修理本领强","你是一个修理匠，修理本领强"
"SheriffInfo","你明明可以当狼玩的","Kill Impostors & Evil Neutrals","Убивайте своих врагов","你明明可以当狼玩的","你明明可以当狼玩的"
"SnitchInfo","总之就是难逃一死","Finish your tasks to find the Impostors","Завершите свои задания，чтобы узнать Предателей","总之就是难逃一死","总之就是难逃一死"
"SpeedBoosterInfo","随风奔跑自由是方向","Boost your speed","Ускоряйте Членов Экипажа","随风奔跑自由是方向","随风奔跑自由是方向"
"DoctorInfo","信我，学医救不了太空人~","Know how each player died","Вы знаете причину смерти игроков","信我，学医救不了太空人~","信我，学医救不了太空人~"
"TrapperInfo","大奖小奖，能记住就是好奖","Freeze your killer for a few seconds","Ловите своих врагов","大奖小奖，能记住就是好奖","大奖小奖，能记住就是好奖"
"DictatorInfo","请您不要随意自杀","Vote Someone to Instantly Eject them","Повесьте своего врага на страх и риск","请您不要随意自杀","请您不要随意自杀"
"DetectiveInfo","我福尔摩斯来辣！","Report Bodies to get Info","Узнай роль трупа","我福尔摩斯来辣！","我福尔摩斯来辣！"
"UndercoverInfo","碟中谍了属于是","Impostors see you as their partner","Предатели считают вас как за своего","碟中谍了属于是","碟中谍了属于是"
"SwordsManInfo","行侠仗义！","You can kill 1 player","Убей одного игрока за игру","行侠仗义！","行侠仗义！"
"NiceGuesserInfo","生命就是豪赌！","Guess Evil Roles in Meetings to Kill them","Угадывай злые роли игроков","生命就是豪赌！","生命就是豪赌！"
"TransporterInfo","移形换影，扭转乾坤！","Do tasks to swap 2 players' locations","Телепортируй 2 случайных игроков","移形换影，扭转乾坤！","移形换影，扭转乾坤！"
"TimeManagerInfo","时间操控大师！","Do tasks to increase Meeting Time","Выполняйте задания чтобы увеличить время встречи","时间操控大师！","时间操控大师！"
"VeteranInfo","内鬼都没你有经验","Alert to Kill Anyone trying to Interact with you","Не позволяй убийце просто так убить себя","内鬼都没你有经验","内鬼都没你有经验"
"BodyguardInfo","想杀人必须先过我这关","Prevent nearby kills","Защити игрока от убийства","想杀人必须先过我这关","想杀人必须先过我这关"
"CounterfeiterInfo","谁又能想到是我呢？","Try to fool the players","Попытайтесь обмануть игроков","谁又能想到是我呢？","谁又能想到是我呢？"
"GrenadierInfo","投掷傻瓜蛋！！","Reduce Impostor's vision by venting","Ослепите Предателей","投掷傻瓜蛋！！","投掷傻瓜蛋！！"
"MedicalerInfo","好像有必要治一治你？","Protect someone from attacks","Защитите Члена Экипажа","好像有必要治一治你？","好像有必要治一治你？"
"DivinatorInfo","水晶球球，求求了","Reveal Roles in Meetings","Проверяй игроков голосуя за них","水晶球球，求求了","水晶球球，求求了"
"GlitchInfo","wDJwFPMNMm","Data Lost","wDJwFPMNMm","wDJwFPMNMm","wDJwFPMNMm"
"JudgeInfo","接着奏乐，接着审~","Silence in the courtroom!","Тишина в зале суда!","接着奏乐，接着审~","接着奏乐，接着审~"
"MorticianInfo","现在，你可以安心地离开了","Locate the dead bodies","Покойся с миром","现在，你可以安心地离开了","现在，你可以安心地离开了"
"MediumshiperInfo","若君心存不甘，不妨和我谈谈","Talk with ghosts","Не хочешь со мной поговорить?","若君心存不甘，不妨和我谈谈","若君心存不甘，不妨和我谈谈"

"# 中立阵营 / Neutral descriptions"
"ArsonistInfo","乖乖站好！","Douse Everyone and Ignite","Облейте и подожгите всех игроков","乖乖站好！","乖乖站好！"
"JesterInfo","我没有、我不是、我对跳","Get voted out","Заставь игроков изгнать себя","我没有、我不是、我对跳","我没有、我不是、我对跳"
"OpportunistInfo","苟到最后就是胜利！","Stay alive until the end","Останьтесь в живых","苟到最后就是胜利！","苟到最后就是胜利！"
"TerroristInfo","多说不宜 Rush B！","Finish your tasks, THEN die","Умрите после выполнения всех заданий","多说不宜 Rush B！","多说不宜 Rush B！"
"ExecutionerInfo","确实，我其实是看他不爽","Get your target voted out","Заставь игроков изгнать свою цель","确实，我其实是看他不爽","确实，我其实是看他不爽"
"MarioInfo","听说你的公主在管道里","Jump in! Jump out!","Прыг, скок, прыг, скок!","听说你的公主在管道里","听说你的公主在管道里"
"JackalInfo","在这里，我一般称自己为只狼","Kill Everyone","Убей всех игроков","在这里，我一般称自己为只狼","在这里，我一般称自己为只狼"
"GodInfo","一切都在您的掌控","Everything is under your control","Все под вашим контролем","一切都在您的掌控","一切都在您的掌控"
"InnocentInfo","果然碰瓷百试百灵","Get someone ejected by making them kill you","Пусть цель невинного будет изгнана","果然碰瓷百试百灵","果然碰瓷百试百灵"
"PelicanInfo","船船，饿饿，饭饭","Eat all players","Съешьте всех игроков","船船，饿饿，饭饭","船船，饿饿，饭饭"
"RevolutionistInfo","人类的赞歌是勇气的赞歌","Recruit players to win with you","Совершите Революцию!","人类的赞歌是勇气的赞歌","人类的赞歌是勇气的赞歌"
"FFFInfo","该烧还是该审？","Kill Lovers and Neptunes","Вы ненавидите Любовников и Нептунов","该烧还是该审？","该烧还是该审？"
"KonanInfo","在一次和小兰的约会中...","Still on a date with Xiaoling...","Все ещё на свидании с Сяолином...","在一次和小兰的约会中...","在一次和小兰的约会中..."
"GamerInfo","Lv又增加了捏~","Consume Blood volumes","Выпейте всю кровь игроков","Lv又增加了捏~","Lv又增加了捏~"
"DarkHideInfo","降下黑暗，释放恐惧！","Descend into the darkness, release Fear!","Спускайся во тьму, освободи Страх!","降下黑暗，释放恐惧！","降下黑暗，释放恐惧！"
"WorkaholicInfo","卷死他们！","Finish all tasks to solo win!","Сделай свои задания и победи!","卷死他们！","卷死他们！"
"CollectorInfo","是收集癖的胜利！","Collect votes from Players","Соберите достаточное количество голосов","是收集癖的胜利！","是收集癖的胜利！"
"ProvocateurInfo","你急了，你寄了","Victory with help target","Победите с помощью цели","你急了，你寄了","你急了，你寄了"

"# 附加职业 / Add-ons descriptions"
"LoversInfo","最重要的是，记得照顾好你的另一半","Stay Alive and win together","Выживите со своим Любовником","最重要的是，记得照顾好你的另一半","最重要的是，记得照顾好你的另一半"
"MadmateInfo","结局掌握在你的手中","Help the Impostors","Помогите Предателям","结局掌握在你的手中","结局掌握在你的手中"
"NtrInfo","笨蛋，我只爱你亿个人哦","Everyone sees you as their Lover","Вас видят как своего Любовника","笨蛋，我只爱你亿个人哦","笨蛋，我只爱你亿个人哦"
"WatcherInfo","窥视到一切的阴暗面","You see all the colors of votes","Вы видите все цвета голосов","窥视到一切的阴暗面","窥视到一切的阴暗面"
"LastImpostorInfo","你是狼村最后的希望…","Lower Kill CD","Ты последний предатель","你是狼村最后的希望…","你是狼村最后的希望…"
"FlashmanInfo","卡其脱离太！","You're faster","У вас скорость выше!","卡其脱离太！","卡其脱离太！"
"LighterInfo","嘿！你在发光诶！","You can see in the dark!","Ваш обзор такой же как и у Предателей","嘿！你在发光诶！","嘿！你在发光诶！"
"SeerInfo","卧槽有人寄了，卧槽！","You are alerted when somebody is killed","Вы видите когда умирают игроки","卧槽有人寄了，卧槽！","卧槽有人寄了，卧槽！"
"BrakarInfo","打破这无聊的规则","Break Tied Votes","У вас ещё один невидимый голос","打破这无聊的规则","打破这无聊的规则"
"ObliviousInfo","我的天哪，好恐怖","You can't report bodies","Вы не можете ркпортить трупы","我的天哪，好恐怖","我的天哪，好恐怖"
"BewilderInfo","红伞伞白杆杆，好好吃","Your killer gets your vision","У него маленькое поле зрение","红伞伞白杆杆，好好吃","红伞伞白杆杆，好好吃"
"WorkhorseInfo","感觉不如做任务","Be the first to complete all tasks and get more","Теперь у вас дополнительные задания","感觉不如做任务","感觉不如做任务"
"FoolInfo","我才不是笨蛋！","You can't fix sabotages","Теперь ты не сможешь чинить саботажи","我才不是笨蛋！","我才不是笨蛋！"
"AvangerInfo","君子报仇，片刻不能缓！","You take someone with you upon death","Забери кого-нибудь на тот свет прежде чем умереть","君子报仇，片刻不能缓！","君子报仇，片刻不能缓！"
"YoutuberInfo","我的素材啊啊啊啊","Get Killed First to win","Будьте убитым самым первым","我的素材啊啊啊啊","我的素材啊啊啊啊"
"EgoistInfo","什么叫做一波三折？","Win on your own","Замените победу","什么叫做一波三折？","什么叫做一波三折？"
"TicketsStealerInfo","要懂得珍惜，死者最后的价值","Gain votes with Kills","Украдите голоса игроков","要懂得珍惜，死者最后的价值","要懂得珍惜，死者最后的价值"
"DualPersonalityInfo","我真的很...奇怪吗？","You're dead and alive simultaneously","У вас теперь Шизофриния","我真的很...奇怪吗？","我真的很...奇怪吗？"
"MimicInfo","噔↗噔↗当→当↘当→当↗","Reveal killed players' roles to imps upon death","Имитируй других","噔↗噔↗当→当↘当→当↗","噔↗噔↗当→当↘当→当↗"

"# 其它 / Other descriptions"
"GMInfo","开局死的冤魂隔岸观火","Spectate the Chaos!","Вы Мастер Игры","开局死的冤魂隔岸观火","开局死的冤魂隔岸观火"
"NotAssignedInfo","未被分配职业","No assigned role","Нет назначенной роли","未被分配职业","未被分配职业"

"# 隐藏 / Hidden descriptions"
"SunnyboyInfo","这个角色的建立究竟有什么意义","Shine, Shine my sunshine!","Свети, свети моё солнышко!","这个角色的建立究竟有什么意义","这个角色的建立究竟有什么意义"
"BardInfo","请让我赋诗一首","Poem's grace, murder's trace, a rhythmic dance in dark embrace.","Поэма для вас, умрите сейчас!","请让我赋诗一首","请让我赋诗一首"

"## 以下是职业描述（使用/m或/r指令后得到的文本）"

"# 内鬼阵营 / Long Impostors descriptions"
"BountyHunterInfoLong","(内鬼阵营):\n赏金猎人会被随机分配一个悬赏目标，若在规定时间内击杀了悬赏目标，则击杀CD会变得很短，能立刻进行下一次击杀。若赏金猎人击杀的人不是赏金目标，则击杀CD会被延长。若赏金猎人在规定时间内没有完成任何击杀，则目标会被随机切换为另一个人。","(Impostors):\nIf you kill your assigned target, your next kill cooldown will be shortened.\nIf you kill anyone other than your target, your next kill cooldown will be increased.\nThe target swaps after a certain amount of time.","(Предатель):\nЕсли Охотник за головами убьет назначенную ему цель, время отката убийства будет намного меньше чем обычно. \n При убийстве игрока который не является его целью, приводит к стандартному времени отката убийства. \nЦели меняются спустя какое-то время","(内鬼阵营):\n赏金猎人会被随机分配一个悬赏目标，若在规定时间内击杀了悬赏目标，则击杀CD会变得很短，能立刻进行下一次击杀。若赏金猎人击杀的人不是赏金目标，则击杀CD会被延长。若赏金猎人在规定时间内没有完成任何击杀，则目标会被随机切换为另一个人。","(内鬼阵营):\n赏金猎人会被随机分配一个悬赏目标，若在规定时间内击杀了悬赏目标，则击杀CD会变得很短，能立刻进行下一次击杀。若赏金猎人击杀的人不是赏金目标，则击杀CD会被延长。若赏金猎人在规定时间内没有完成任何击杀，则目标会被随机切换为另一个人。"
"FireWorksInfoLong","(内鬼阵营):\n烟花商人可以安放烟花炸弹，造成范围性杀伤。烟花商人使用变形可以安放至多三个烟花炸弹。当存活的内鬼阵营玩家仅剩烟花商人且烟花炸弹安置完毕时，烟花商人可以使用变形下引爆炸弹。烟花炸弹可以同样炸死烟花商人自己。但如果烟花炸弹炸死所有存活玩家，那也算内鬼阵营胜利。","(Impostors):\nFireworker can place firework bombs to cause area damage. The Fireworker can plant up to three firework bombs using shapeshift. When only the Fireworker is left among the imporstor team players and the firework bombs is placed, the Fireworker can use shapeshift to detonate the bomb. The firework bombs can also kill the Fireworker himself. But if the firework bombs kills all surviving players, it is also considered a victory for the imporstors.","(Предатель):\nФейерверк может поставить несколько фейерверков с помощью Морфлинга. \nПосле установки всех фейерверков он может поджечь их все сразу с помощью использования Морфлинга, когда он является последним Предателем. \nТолько после этого он сможет убивать.","(内鬼阵营):\n烟花商人可以安放烟花炸弹，造成范围性杀伤。烟花商人使用变形可以安放至多三个烟花炸弹。当存活的内鬼阵营玩家仅剩烟花商人且烟花炸弹安置完毕时，烟花商人可以使用变形下引爆炸弹。烟花炸弹可以同样炸死烟花商人自己。但如果烟花炸弹炸死所有存活玩家，那也算内鬼阵营胜利。","(内鬼阵营):\n烟花商人可以安放烟花炸弹，造成范围性杀伤。烟花商人使用变形可以安放至多三个烟花炸弹。当存活的内鬼阵营玩家仅剩烟花商人且烟花炸弹安置完毕时，烟花商人可以使用变形下引爆炸弹。烟花炸弹可以同样炸死烟花商人自己。但如果烟花炸弹炸死所有存活玩家，那也算内鬼阵营胜利。"
"SerialKillerInfoLong","(内鬼阵营):\n嗜血杀手的击杀冷却很短，但是在指定时间内没有杀人的话，嗜血杀手就会自杀。","(Impostors):\nYou have a shorter kill cooldown than other impostors, but you will die if you don't kill before the end of your shapeshift cooldown.","(Предатель):\nУ Серийного Убийцы еще более короткий откат убийства. \nНо если он не совершит убийство в установленный срок, то он мгновенно убьет сам себя.","(内鬼阵营):\n嗜血杀手的击杀冷却很短，但是在指定时间内没有杀人的话，嗜血杀手就会自杀。","(内鬼阵营):\n嗜血杀手的击杀冷却很短，但是在指定时间内没有杀人的话，嗜血杀手就会自杀。"
"ShapeMasterInfoLong","(内鬼阵营):\n千面鬼没有变形冷却，但千面鬼默认的变形持续时间更短。","(Impostors):\nThe Shape Master has no Shapeshift cooldown, but their default Shapeshift duration is shorter.","(Предатель):\nШпион не имеет отката восстановления Морфа. \nС другой стороны, длительность Морфа по умолчанию стоит куда меньше. \nПродолжительность Морфа можно изменить в настройках.","(内鬼阵营):\n千面鬼没有变形冷却，但千面鬼默认的变形持续时间更短。","(内鬼阵营):\n千面鬼没有变形冷却，但千面鬼默认的变形持续时间更短。"
"MareInfoLong","(内鬼阵营):\n梦魇只能在停电时下进行击杀。若梦魇击杀成功，梦魇的击杀冷却将变成原来的一半。此外，停电持续的时间内梦魇的移动速度也会增加，但是请注意，停电时间内内所有玩家都能看到梦魇的名字以红色表示。","(Impostors):\nYou can only kill during the Lights Sabotage.\nYour Kill Cooldown is shorter though.\nDuring Fix Lights, you can move faster, but your name will be displayed in red for everyone.","(Предатель):\nПредатель, который может убивать только при выключенном свете. \nКаждое его убийство вдвое снижает откат убийства. \nСкорость движения также будет выше при выключенном свете, но его никнейм станет красным и будет виден всем игрокам.","(内鬼阵营):\n梦魇只能在停电时下进行击杀。若梦魇击杀成功，梦魇的击杀冷却将变成原来的一半。此外，停电持续的时间内梦魇的移动速度也会增加，但是请注意，停电时间内内所有玩家都能看到梦魇的名字以红色表示。","(内鬼阵营):\n梦魇只能在停电时下进行击杀。若梦魇击杀成功，梦魇的击杀冷却将变成原来的一半。此外，停电持续的时间内梦魇的移动速度也会增加，但是请注意，停电时间内内所有玩家都能看到梦魇的名字以红色表示。"
"VampireInfoLong","(内鬼阵营):\n在吸血鬼的吸血的对象不会立刻死亡，而是延迟一段时间突然暴毙。若在这段时间内进入会议阶段，该目标将立即死亡。当被击杀目标为诱饵时，吸血鬼还是会被迫报告诱饵的尸体。","(Impostors):\nThe bitten target of the Vampire will not die immediately, but will die suddenly after a delay. If a meeting is called within this time, the target will die immediately. If you bite a Bait, you make a normal kill and you're forced to self-report.","(Предатель):\nВампир может кусать игроков, а не убивать. \nУкушенный игрок умирает спустя какое-то время, или же умирает сразу как только произойдёт срочное собрание. \nНо если он укусит [Приманку](#Bait) он совершит обычное убийство и он вынужден сразу зарепортить труп.","(内鬼阵营):\n在吸血鬼的吸血的对象不会立刻死亡，而是延迟一段时间突然暴毙。若在这段时间内进入会议阶段，该目标将立即死亡。当被击杀目标为诱饵时，吸血鬼还是会被迫报告诱饵的尸体。","(内鬼阵营):\n在吸血鬼的吸血的对象不会立刻死亡，而是延迟一段时间突然暴毙。若在这段时间内进入会议阶段，该目标将立即死亡。当被击杀目标为诱饵时，吸血鬼还是会被迫报告诱饵的尸体。"
"WarlockInfoLong","(内鬼阵营):\n术士可以使用击杀键给目标下咒，出现盾牌破碎则是下咒成功（放心，只有你能看见）。当术士变形时，被下咒的玩家会自动击杀离自己最近的玩家。请注意，摆烂人不会替你办事，诅咒摆烂人只会浪费你的时间。","(Impostors):\nThe Warlock can curse another players while not Shapeshifted.\nWhen they Shapeshift after cursing, the player closest to the cursed player is killed no matter how far away they are.\nWhile Shapeshifting, you can perform normal kills.\nOnly 1 player can be cursed at a time.","(Предатель):\nКолдун может проклинать игроков. \nКогда он Морфится после проклинания какого либо игрока, то проклятый игрок убивает любого игрока который находится по близости, независимо от того насколько далеко он находится. \nТак же во время Морфа он совершает обычные убийства.","(内鬼阵营):\n术士可以使用击杀键给目标下咒，出现盾牌破碎则是下咒成功（放心，只有你能看见）。当术士变形时，被下咒的玩家会自动击杀离自己最近的玩家。请注意，摆烂人不会替你办事，诅咒摆烂人只会浪费你的时间。","(内鬼阵营):\n术士可以使用击杀键给目标下咒，出现盾牌破碎则是下咒成功（放心，只有你能看见）。当术士变形时，被下咒的玩家会自动击杀离自己最近的玩家。请注意，摆烂人不会替你办事，诅咒摆烂人只会浪费你的时间。"
"ZombieInfoLong","(内鬼阵营):\n僵尸的击杀冷却很短，但移动速度很慢且视野极小。僵尸不会被独裁者以外的人票出，僵尸的移动速度会随着击杀或时间流逝逐渐变慢。","(Impostors):\nZombie has a short kill cooldown, but move very slowly and has very little vision. Zombie will not be voted out by anyone other than the Dictator, and the movement speed of zombie will gradually slow down as they are killing or time passes.","(Предатель):\nУ Зомби короткий откат убийства, но он двигается очень медленно и имеет очень маленькую дальность обзора. За Зомби не проголосуют другие игроки, кроме диктатора.","(内鬼阵营):\n僵尸的击杀冷却很短，但移动速度很慢且视野极小。僵尸不会被独裁者以外的人票出，僵尸的移动速度会随着击杀或时间流逝逐渐变慢。","(内鬼阵营):\n僵尸的击杀冷却很短，但移动速度很慢且视野极小。僵尸不会被独裁者以外的人票出，僵尸的移动速度会随着击杀或时间流逝逐渐变慢。"
"AssassinInfoLong","(内鬼阵营):\n刺客可以使用击杀键标记一个目标，标记成功则自己身上会出现碎盾动画作为提示。之后刺客可以使用变形传送至被标记者的身边并击杀被标记者。刺客不可以进行常规击杀，但根据房主设定可能可以在刺杀后进行常规击杀。","(Impostors):\nThe Assassin can use the kill button to mark a target, and if the mark is successful, a shield-animation will displayed as a reminder. The Assassin can then use shapeshift to teleport to the marked person and kill the marked person. Assassin cannot kill regularly, but may be able to kills regulatly after assassination according to the host's settings.","(Предатель):\nАссасин может использовать кнопку ''Убить'' чтобы пометить цель, и если щит был сломан, проклятие применено успешно (не волнуйтесь, только вы можете это увидеть). После этого Ассасин может использовать Морф, чтобы телепортироваться к помеченному игроку в любое время и убить помеченному игрока. \nПримечание: Ассасин может совершать обычные убийства в состоянии Морфа.","(内鬼阵营):\n刺客可以使用击杀键标记一个目标，标记成功则自己身上会出现碎盾动画作为提示。之后刺客可以使用变形传送至被标记者的身边并击杀被标记者。刺客不可以进行常规击杀，但根据房主设定可能可以在刺杀后进行常规击杀。","(内鬼阵营):\n刺客可以使用击杀键标记一个目标，标记成功则自己身上会出现碎盾动画作为提示。之后刺客可以使用变形传送至被标记者的身边并击杀被标记者。刺客不可以进行常规击杀，但根据房主设定可能可以在刺杀后进行常规击杀。"
"HackerInfoLong","(内鬼阵营):\n骇客可以使用变形骇入变形的目标，被骇入的目标会立刻报告骇客本轮击杀的尸体，若本轮骇客没有击杀，则随机报告场上存在的尸体，若场上不存在尸体则目标报告自己的尸体（效果类似被害妄想症）。请注意：骇客技能无视尸体是否可以被报告。此外，摆烂人不会替你办事，骇入摆烂人只会浪费你的时间。","(Impostors):\nThe Hacker can use shapeshift to hack into the shapeshifting target. The hacked target will immediately report the body killed by the Hacker in this round. If there is no dead body, the target will report its own dead body (the effect is similar to Paranoid). Note: hacking ignores whether a body can be reported. Also, hacking Lazy Guy won't do things for you, hacking Lazy Guy just wastes your time.","(Предатель):\nХакер может использовать навык после убийства. Цель подвергшуюся взлому, сразу же сообщит о теле жертвы, убитой хакером в этом раунде. Если возле Хакера нету целей для взлома, то Хакер сделает селфрепорт  (эффект аналогичен Байту). ★Обратите внимание★: Способность Ленивого Парня игнорирует способность Хакера. \nНе может заставлять репортить плохих парней (Шакал, Предатель, т. д.)","(内鬼阵营):\n骇客可以使用变形骇入变形的目标，被骇入的目标会立刻报告骇客本轮击杀的尸体，若本轮骇客没有击杀，则随机报告场上存在的尸体，若场上不存在尸体则目标报告自己的尸体（效果类似被害妄想症）。请注意：骇客技能无视尸体是否可以被报告。此外，摆烂人不会替你办事，骇入摆烂人只会浪费你的时间。","(内鬼阵营):\n骇客可以使用变形骇入变形的目标，被骇入的目标会立刻报告骇客本轮击杀的尸体，若本轮骇客没有击杀，则随机报告场上存在的尸体，若场上不存在尸体则目标报告自己的尸体（效果类似被害妄想症）。请注意：骇客技能无视尸体是否可以被报告。此外，摆烂人不会替你办事，骇入摆烂人只会浪费你的时间。"
"MinerInfoLong","(内鬼阵营):\n矿工变形以及解除变形的时候会传送至上一个进入的通风口。（注意，是进去的通风管而不是出来的通风管）","(Impostors):\nMiner can shapeshift to teleport back to the last vent they were in.","(Предатель):\nКогда Шахтер использует Морф и он освобождается от Морфа, он будет телепортирован к вентиляции который он использовал в последний раз. \n(Обратите внимание, что это вентиляция, которая входит внутрь, а не вентиляция, которая выходит наружу)","(内鬼阵营):\n矿工变形以及解除变形的时候会传送至上一个进入的通风口。（注意，是进去的通风管而不是出来的通风管）","(内鬼阵营):\n矿工变形以及解除变形的时候会传送至上一个进入的通风口。（注意，是进去的通风管而不是出来的通风管）"
"MinimalismInfoLong","(内鬼阵营):\n杀戮机器的击杀冷却很短，但杀戮机器无法使用通风管道、没有内鬼视野、无法破坏、无法报告也无法召开紧急会议。","(Impostors):\nKilling Machine has a very short kill cooldown, but cannot vent, has lower vision, cannot sabotage, cannot report, and cannot call emergency meetings.","(Предатель):\nУ Машины для Убийств очень короткий откат убийства, но машина для убийств не может использовать вентиляцию, не видит других Предателей, не может быть убит, не может зарепортить труп и не может вызвать срочное собрание.","(内鬼阵营):\n杀戮机器的击杀冷却很短，但杀戮机器无法使用通风管道、没有内鬼视野、无法破坏、无法报告也无法召开紧急会议。","(内鬼阵营):\n杀戮机器的击杀冷却很短，但杀戮机器无法使用通风管道、没有内鬼视野、无法破坏、无法报告也无法召开紧急会议。"
"EscapeeInfoLong","(内鬼阵营):\n可以使用变形标记一个地点，解除变形时不会触发任何效果，再次变形时将会瞬移到标记地点。","(Impostors):\nEscapist can mark a location by shapeshifting, and they will be teleported to the marked location when they shapeshift again (not when unshifting).","(Предатель):\nОн может использовать Морф, чтобы отметить своё текущее местоположение. При снятии Морфа способность не сработает, но когда он использует Морф во второй раз, то он телепортируется в ранее отмеченное местоположение","(内鬼阵营):\n可以使用变形标记一个地点，解除变形时不会触发任何效果，再次变形时将会瞬移到标记地点。","(内鬼阵营):\n可以使用变形标记一个地点，解除变形时不会触发任何效果，再次变形时将会瞬移到标记地点。"
"WitchInfoLong","(内鬼阵营):\n女巫拥有两种攻击方式：直接击杀与诅咒。快速连续点击两次击杀键为正常击杀，只按一次击杀键则是诅咒。会议时，被诅咒的目标会带有对全员可见的诅咒标记「†」。如果女巫未在会议时被投票放逐，被诅咒的目标将会在会议结束后死亡。","(Impostors):\nWitch have two attack methods: Normal kill and curse. Click the kill button twice quickly to make a normal kill, and click the kill button only once to cast a curse. During the next meeting, the cursed target will have a curse mark "†" visible to everyone. If the Witch is not voted out at the meeting, the cursed target(s) will die after the meeting.","(Предатель):\nВедьма может совершить убийство или заклинание по очереди. \nИгроки, которые были проклятые Ведьма на голосовании помечаются красным крестом справа от никнейма, \nИ если Ведьма не изгнан, все проклятые им игроки умирают сразу же после голосования.","(内鬼阵营):\n女巫拥有两种攻击方式：直接击杀与诅咒。快速连续点击两次击杀键为正常击杀，只按一次击杀键则是诅咒。会议时，被诅咒的目标会带有对全员可见的诅咒标记「†」。如果女巫未在会议时被投票放逐，被诅咒的目标将会在会议结束后死亡。","(内鬼阵营):\n女巫拥有两种攻击方式：直接击杀与诅咒。快速连续点击两次击杀键为正常击杀，只按一次击杀键则是诅咒。会议时，被诅咒的目标会带有对全员可见的诅咒标记「†」。如果女巫未在会议时被投票放逐，被诅咒的目标将会在会议结束后死亡。"
"MafiaInfoLong","(内鬼阵营):\n黑手党在游戏中有其他内鬼存活时不可以进行击杀，但死亡后可以输入 /rv [玩家编号] 以击杀指定玩家。","(Impostors):\nMafia can't kill while there are other Impostors alive in the game, but can use command /rv [player id] after death to kill the specified player.","(Предатель):\nМафия не может убивать, когда в игре есть другие живые предатели, но он может ввести команду /rv [Индификатор игрока], чтобы убить назначенного игрока после смерти Мафии.","(内鬼阵营):\n黑手党在游戏中有其他内鬼存活时不可以进行击杀，但死亡后可以输入 /rv [玩家编号] 以击杀指定玩家。","(内鬼阵营):\n黑手党在游戏中有其他内鬼存活时不可以进行击杀，但死亡后可以输入 /rv [玩家编号] 以击杀指定玩家。"
"PuppeteerInfoLong","(内鬼阵营):\n傀儡师的操控对象会击杀其遇到的下一个船员。若后者在接触的同时死亡，则前者死亡。傀儡师不可以正常击杀。请注意，摆烂人不会替你办事，操控摆烂人只会浪费你的时间。","(Impostors):\nThe player controlled by the Puppeteer will kill the next non-impostor player that shows up closest to them. If the latter dies on contact, the former dies. Puppeteers cannot kill normally. Note that Lazy Guy will not do things for you, controlling Lazy Guy will only waste your time.","(Предатель):\nКукловод может совершить убийство с помощью помеченного игрока, но не может убивать как обычный Предатель. \nЕсли цель убивает противника и он срабатывает в момент убийства цели, эффект отразится на цели. \nВы не можете совершать обычные убийства.","(内鬼阵营):\n傀儡师的操控对象会击杀其遇到的下一个船员。若后者在接触的同时死亡，则前者死亡。傀儡师不可以正常击杀。请注意，摆烂人不会替你办事，操控摆烂人只会浪费你的时间。","(内鬼阵营):\n傀儡师的操控对象会击杀其遇到的下一个船员。若后者在接触的同时死亡，则前者死亡。傀儡师不可以正常击杀。请注意，摆烂人不会替你办事，操控摆烂人只会浪费你的时间。"
"TimeThiefInfoLong","(内鬼阵营):\n蚀时者每击杀一个人，会议时间就将减少一定时间。如果蚀时者死亡，会议时间会恢复正常。","(Impostors):\nEvery time the Time Thief kills a player, the meeting time will be reduced by a certain amount of time. If the Time Thief dies, the meeting time will return to normal.","(Предатель):\nКаждое убийство Вора Времени сокращает время обсуждения и голосования на собраниях. \nВ зависимости от настроек потерянное время возвращается после того, как он будет убит или изгнан.","(内鬼阵营):\n蚀时者每击杀一个人，会议时间就将减少一定时间。如果蚀时者死亡，会议时间会恢复正常。","(内鬼阵营):\n蚀时者每击杀一个人，会议时间就将减少一定时间。如果蚀时者死亡，会议时间会恢复正常。"
"SniperInfoLong","(内鬼阵营):\n狙击手拥有远距离射杀的能力。方法为：进入变形到解除变形的位置连成一条线，这条线包括这条线的射线上距离最近的玩家会被狙杀。狙击手在子弹用完后可以进行正常击杀。","(Impostors):\nYou can shoot players from far away.\nYou have to shapeshift twice to make a successful snipe.\nImagine an arrow pointing from your first shapeshift location towards your unshift location.\nThat will be the direction in which the snipe will be made.\nThe snipe kills the first person in its path.\nYou cannot kill normally until you use up all of your ammos.","(Предатель):\nСнайпер может стрелять в игроков на расстоянии. \nОн убивает игрока который, находится с ним на одной линии, от точки Морфа до точки возвращения в свой облик. \nОн может совершать обычные убийства после того, как все его патроны закончатся.","(内鬼阵营):\n狙击手拥有远距离射杀的能力。方法为：进入变形到解除变形的位置连成一条线，这条线包括这条线的射线上距离最近的玩家会被狙杀。狙击手在子弹用完后可以进行正常击杀。","(内鬼阵营):\n狙击手拥有远距离射杀的能力。方法为：进入变形到解除变形的位置连成一条线，这条线包括这条线的射线上距离最近的玩家会被狙杀。狙击手在子弹用完后可以进行正常击杀。"
"EvilTrackerInfoLong","(内鬼阵营):\n追踪者可以追踪其他人，追踪者可以变形为某个人以切换追踪目标为变形的目标。玩家名称下面的箭头代表着目标的方向。当内鬼队友杀人时，追踪者将会看到击杀闪烁提示。","(Impostors):\nThe Evil Tracker can track other people, and the tracker can shapeshift into someone to switch the tracking target to the shapeshift target (You will immediately unshift after performing shapeshift). The arrow below the Evil Tracker's name indicates the direction of the target. When the Evil Tracker's teammate kills, the Evil Tracker will see a kill-flash.","(Предатель):\nЗлой Следопыт может отслеживать других игроков. \nОн может видеть стрелки, которые указывают на Предателей или на того, в кого он превратился. \nОн может видеть когда было совершено убийство с помощью вспышки убийства.","(内鬼阵营):\n追踪者可以追踪其他人，追踪者可以变形为某个人以切换追踪目标为变形的目标。玩家名称下面的箭头代表着目标的方向。当内鬼队友杀人时，追踪者将会看到击杀闪烁提示。","(内鬼阵营):\n追踪者可以追踪其他人，追踪者可以变形为某个人以切换追踪目标为变形的目标。玩家名称下面的箭头代表着目标的方向。当内鬼队友杀人时，追踪者将会看到击杀闪烁提示。"
"EvilGuesserInfoLong","(内鬼阵营):\n邪恶赌怪可以在会议时猜测某位玩家的职业，正确则击杀目标，错误则会自杀。\n猜测指令为：/bt [玩家编号] [职业名]\n您可以在玩家名字前看到该玩家的编号，或者使用/id指令查看所有玩家的编号。","(Impostors):\nThe Evil Guesser can guess the role of a certain player during the meeting. If it is correct, the target dies, and if it is wrong, the Evil Guesser dies.\nThe guessing command is: /bt [player id] [role]\nYou can see the player's id before the player's name, or use the /id command to view the id of all players.","(Предатель):\nЗлой Угадыватель может угадывать роли определённого игрока во время встречи. Если он угадает роль правильно, то он убьет эту цель, а если неправильно, то он совершит самоубийство. \nКоманда для угадываний: '/bt [Номер игрока] [Название Роли]'' \nПример: /bt 3 Байт \nВы можете увидеть номер игрока перед его никнеймом, или же для просмотра номеров всех игроков нужно использовать команду ''/id'' .","(内鬼阵营):\n邪恶赌怪可以在会议时猜测某位玩家的职业，正确则击杀目标，错误则会自杀。\n猜测指令为：/bt [玩家编号] [职业名]\n您可以在玩家名字前看到该玩家的编号，或者使用/id指令查看所有玩家的编号。","(内鬼阵营):\n邪恶赌怪可以在会议时猜测某位玩家的职业，正确则击杀目标，错误则会自杀。\n猜测指令为：/bt [玩家编号] [职业名]\n您可以在玩家名字前看到该玩家的编号，或者使用/id指令查看所有玩家的编号。"
"AntiAdminerInfoLong","(内鬼阵营):\n监管者可以随时知道是否有船员阵营玩家或中立阵营玩家靠近监控面板、管理室地图、生命检测、通行记录等设备。请注意：监管者并不知道靠近的人是否真的在使用设备，只是知道有人靠近设备。","(Impostors):\nAnti Adminer can at any time find out if there are crewmates or neutrals near Cameras, Admin Table, Vitals, DoorLog and/or other devices. Note: Anti Adminer does not know for sure if the player is using the device while near it, it only knows that someone is near the device.","(Предатель):\nАнти Админер может в любое время узнать, есть ли Члены Экипажа или Нейтральные игроки рядом с Камерами, Админским столом, Пульсами, Журналами и с другими устройствами. \nПожалуйста, обратите внимание: Анти Админер не знает наверняка использует ли игрок устройство находясь рядом с ним, а знает только то, что кто-то находится рядом с устройством.","(内鬼阵营):\n监管者可以随时知道是否有船员阵营玩家或中立阵营玩家靠近监控面板、管理室地图、生命检测、通行记录等设备。请注意：监管者并不知道靠近的人是否真的在使用设备，只是知道有人靠近设备。","(内鬼阵营):\n监管者可以随时知道是否有船员阵营玩家或中立阵营玩家靠近监控面板、管理室地图、生命检测、通行记录等设备。请注意：监管者并不知道靠近的人是否真的在使用设备，只是知道有人靠近设备。"
"SansInfoLong","(内鬼阵营):\n狂妄杀手每次成功击杀都会减少他的击杀冷却。","(Impostors):\nArrogance reduces their kill cooldown with each successful kill.","(Предатель):\nКаждый раз, когда Высокомер совершает убийство, его откат убийства будет уменьшаться. ","(内鬼阵营):\n狂妄杀手每次成功击杀都会减少他的击杀冷却。","(内鬼阵营):\n狂妄杀手每次成功击杀都会减少他的击杀冷却。"
"BomberInfoLong","(内鬼阵营):\n自爆兵可以使用变形按钮来进行自爆，炸死一定范围里的玩家。但是作为代价，自爆兵自己也会被炸死。请注意：自爆兵爆炸的时候全体玩家会看到杀戮闪烁。","(Impostors):\nBomber can use the shapeshift button to self-explode, killing players within a certain range. But as a price, the Bomber will also die. Note: All players will see a kill-flash when the Bomber explodes.","(Предатель):\nБомбер может использовать Морф, чтобы взорвать игроков которые оказались в радиусе бомбы. Но в качестве платы, сам Бомбер будет также взорван. \nПожалуйста, обратите внимание: Когда Бомбер взорвётся, все игроки увидят ''Вспышку Убийства''. Эта вспышка точно такая же, как вспышка убийства когда умирает Знаменитость. Пожалуйста, обращайте внимание на экран.","(内鬼阵营):\n自爆兵可以使用变形按钮来进行自爆，炸死一定范围里的玩家。但是作为代价，自爆兵自己也会被炸死。请注意：自爆兵爆炸的时候全体玩家会看到杀戮闪烁。","(内鬼阵营):\n自爆兵可以使用变形按钮来进行自爆，炸死一定范围里的玩家。但是作为代价，自爆兵自己也会被炸死。请注意：自爆兵爆炸的时候全体玩家会看到杀戮闪烁。"
"ScavengerInfoLong","(内鬼阵营):\n清道夫击杀不会留下尸体。此外若受害者为诱饵，则诱饵的技能不会发动。","(Impostors):\nScavenger kills do not leave dead bodies behind. In addition, if the victim is a bait, no self-report will be made.","(Предатель):\nКогда Уборщик убёт игрока, то зарепортить этот труп будет невозможно.","(内鬼阵营):\n清道夫击杀不会留下尸体。此外若受害者为诱饵，则诱饵的技能不会发动。","(内鬼阵营):\n清道夫击杀不会留下尸体。此外若受害者为诱饵，则诱饵的技能不会发动。"
"BoobyTrapInfoLong","(内鬼阵营):\n诡雷在进行击杀后会在受害者尸体上装上诡雷，报告该尸体的玩家会立刻被炸死，被炸死的玩家也会附带诡雷的效果，以此类推。但作为代价，诡雷在进行击杀后会立刻自杀。请注意：诡雷自身的尸体并不附带诡雷效果。","(Impostors):\nBooby Trap will put booby trap on the victim's body after killing, and the player who reports the dead body with the booby trap will be killed immediately, and the player who is killed will also have the effect of booby traps, and so on. But as a price, the booby trap will die immediately after making a kill. Note: The Booby Trap doesn't have a booby trap effect on their own dead body.","(Предатель):\nМина Ловушка установит Мину на труп жертвы после убийства. Игрок который попытается зарепортить труп с миной будет немедленно убит, и игрок который попался на Мину также будет сопровождаться эффектом Мины, и так далее. Но в качестве платы Мина Ловушка суициднется сразу же после того как один из игроков попадётся на Мину. \nПожалуйста, обратите внимание: Труп самого Мины Ловушки не будет сопровождаться эффектом Мины.","(内鬼阵营):\n诡雷在进行击杀后会在受害者尸体上装上诡雷，报告该尸体的玩家会立刻被炸死，被炸死的玩家也会附带诡雷的效果，以此类推。但作为代价，诡雷在进行击杀后会立刻自杀。请注意：诡雷自身的尸体并不附带诡雷效果。","(内鬼阵营):\n诡雷在进行击杀后会在受害者尸体上装上诡雷，报告该尸体的玩家会立刻被炸死，被炸死的玩家也会附带诡雷的效果，以此类推。但作为代价，诡雷在进行击杀后会立刻自杀。请注意：诡雷自身的尸体并不附带诡雷效果。"
"CapitalismInfoLong","(内鬼阵营):\n资本家可以通过击杀按键给某位玩家增加一个短任务。请注意：对没有任务或已完成任务的玩家使用技能则不会生效。","(Impostors):\nCapitalists can add a short task to a player by pressing the kill button. Note: using skills on players who have no tasks or have completed tasks will not take effect.","(Предатель):\nКапиталист может добавить игроку одно короткое задание, нажав на кнопку ''Убить''. Пожалуйста, обратите внимание: навык не сработает если использовать навык на игроков, у которых нет заданий или которые уже выполнили все задания.","(内鬼阵营):\n资本家可以通过击杀按键给某位玩家增加一个短任务。请注意：对没有任务或已完成任务的玩家使用技能则不会生效。","(内鬼阵营):\n资本家可以通过击杀按键给某位玩家增加一个短任务。请注意：对没有任务或已完成任务的玩家使用技能则不会生效。"
"GangsterInfoLong","(内鬼阵营):\n教父可以通过击杀键尝试招募一位玩家成为叛徒。若招募成功，双方都会看到彼此身上出现护盾破碎的动画作为提示（仅互相可见）。剩余可以招募的次数会显示在教父名字旁的括号内（数量根据房主设置）。若教父尝试招募无法被招募的玩家例如中立阵营或一些特殊船员阵营玩家时，则会改为正常击杀目标。当教父没有剩余招募次数时击杀则为正常击杀。","(Impostors):\nThe Gangster can attempt to recruit a player as a madmate by pressing the kill button. If the recruitment is successful, both Gangster and target will see the shield-animation on each other as a reminder (only visible to each other). The remaining number of available recruits will be displayed next to the name of the Gangster (the max is set by the host). If the Gangster tries to recruit players who cannot be recruited, such as neutrals or some special crews, it will be changed to kill the target normally. When the Gangster has no remaining recruitment times, the kill is a normal kill.","(Предатель):\nГанстер может попытаться переманить игрока, на сторону предателей, нажав на кнопку ''Убить''. Оставшееся количество раз, которое можно набрать, будет указано в скобках рядом с именем игрока (количество зависит от настроек Хоста). Если Ганстер попытается переманить игроков, которые не могут быть приманены, такие как: Нейтралы или некоторые игроки специальной команды, то произойдёт обычное убийство. Когда у Ганстера нет оставшегося количества переманивания, то он будет совершать обычнын убийства.","(内鬼阵营):\n教父可以通过击杀键尝试招募一位玩家成为叛徒。若招募成功，双方都会看到彼此身上出现护盾破碎的动画作为提示（仅互相可见）。剩余可以招募的次数会显示在教父名字旁的括号内（数量根据房主设置）。若教父尝试招募无法被招募的玩家例如中立阵营或一些特殊船员阵营玩家时，则会改为正常击杀目标。当教父没有剩余招募次数时击杀则为正常击杀。","(内鬼阵营):\n教父可以通过击杀键尝试招募一位玩家成为叛徒。若招募成功，双方都会看到彼此身上出现护盾破碎的动画作为提示（仅互相可见）。剩余可以招募的次数会显示在教父名字旁的括号内（数量根据房主设置）。若教父尝试招募无法被招募的玩家例如中立阵营或一些特殊船员阵营玩家时，则会改为正常击杀目标。当教父没有剩余招募次数时击杀则为正常击杀。"
"CleanerInfoLong","(内鬼阵营):\n清理工可以通过报告尸体按钮以清理一具尸体，若清理成功则清理工会看到自己身上出现护盾破碎动画作为提示（仅自己可见），被清理的尸体无法被报告（包括诱饵）。","(Impostors):\nCleaner can press the Report body button to clean up a dead body. If the cleanup is successful, the Cleaner will see a shield-animation on his body as a reminder (only visible to himself). The cleaned up body cannot be reported (including bait's).","(Предатель):\nОчиститель может нажать кнопку ''сообщить'', чтобы очистить труп. Если очистка прошла успешно, Очиститель увидит анимацию сломанного щита на своем теле (видимого только ему самому), и сообщить об очищенном трупе нельзя. После того, как Очиститель уберёт труп, то откат убийства будет сброшен.","(内鬼阵营):\n清理工可以通过报告尸体按钮以清理一具尸体，若清理成功则清理工会看到自己身上出现护盾破碎动画作为提示（仅自己可见），被清理的尸体无法被报告（包括诱饵）。","(内鬼阵营):\n清理工可以通过报告尸体按钮以清理一具尸体，若清理成功则清理工会看到自己身上出现护盾破碎动画作为提示（仅自己可见），被清理的尸体无法被报告（包括诱饵）。"
"MessengerInfoLong","(内鬼阵营):\n情报贩子可以在会议上知道最后所有房间的人数、尸体数量。房间名前有「★」标记代表该房间存在内鬼。","(Impostors):\nInformant can know the number of players and the number of corpses in all rooms during the meeting. The sign 「★」 before the name of the room indicates that there is a Impostor there","(Предатель):\nИнформатор может знать количество игроков и количество трупов во всех комнатах во время встречи. Знак 「★」 перед названием комнаты указывает на то, что там есть Предатель.","(内鬼阵营):\n情报贩子可以在会议上知道最后所有房间的人数、尸体数量。房间名前有「★」标记代表该房间存在内鬼。","(内鬼阵营):\n情报贩子可以在会议上知道最后所有房间的人数、尸体数量。房间名前有「★」标记代表该房间存在内鬼。"
"BallLightningInfoLong","(内鬼阵营):\n球状闪电无法进行常规击杀。球状闪电对目标使用击杀按键后，目标会在设定时间后汽化为量子幽灵，所有人都可以看到量子幽灵的名字旁有「■」作为提示。若期间有非球状闪电且非量子幽灵的玩家接触量子幽灵，量子幽灵会立刻量子化而死亡。若量子幽灵存活到会议则会在会议结束后死亡。任何对量子幽灵的主动互动（击杀按键）均无效。根据房主设定，击杀球状闪电可能导致凶手汽化为量子幽灵。","(Impostors):\nLightning cannot do regular kills. After the Lightning uses the kill button on the target, the target will vaporize into a quantum ghost after a set time, and everyone can see the "■" next to the name of the quantum ghost as a reminder. If there is non-spherical lightning and a player who is not a quantum ghost touches the quantum ghost, the quantum ghost will be quantized immediately and die. If the quantum ghost survives to the meeting, it will die after the meeting ends. During this time, any active interaction (kill button) with quantum ghost has no effect. According to the host's settings, killing the Lightning may cause the killer to vaporize into a quantum ghost.","(Предатель):\nМолния не может совершать обычные убийства. После того, как он использует кнопку ''Убить'' на цели, то цель превратится в квантового призрака через установленное время. Все игроки увидят 「■」 рядом с именем квантового призрака. Если Молния и любой игрок свяжется с квантовым призраком в течение периода, квантовый призрак будет немедленно убит. Если квантовый призрак доживет до встречи, он умрет сразу же после встречи. Любое активное взаимодействие (кнопка ''Убить'') с квантовым призраком недопустимо. В зависимости от настроек, Молния может заставить убийцу превратить в квантового призрака","(内鬼阵营):\n球状闪电无法进行常规击杀。球状闪电对目标使用击杀按键后，目标会在设定时间后汽化为量子幽灵，所有人都可以看到量子幽灵的名字旁有「■」作为提示。若期间有非球状闪电且非量子幽灵的玩家接触量子幽灵，量子幽灵会立刻量子化而死亡。若量子幽灵存活到会议则会在会议结束后死亡。任何对量子幽灵的主动互动（击杀按键）均无效。根据房主设定，击杀球状闪电可能导致凶手汽化为量子幽灵。","(内鬼阵营):\n球状闪电无法进行常规击杀。球状闪电对目标使用击杀按键后，目标会在设定时间后汽化为量子幽灵，所有人都可以看到量子幽灵的名字旁有「■」作为提示。若期间有非球状闪电且非量子幽灵的玩家接触量子幽灵，量子幽灵会立刻量子化而死亡。若量子幽灵存活到会议则会在会议结束后死亡。任何对量子幽灵的主动互动（击杀按键）均无效。根据房主设定，击杀球状闪电可能导致凶手汽化为量子幽灵。"
"GreedierInfoLong","(内鬼阵营):\n贪婪者奇数次和偶数次的击杀，会拥有不同的击杀冷却。每次开会都会重置贪婪者的击杀冷却，贪婪者的第一次击杀永远是奇数击杀。","(Impostors):\nGreedy kills with odd and even kills will have different kill cooldowns. Greedy's kill cooldown is reset every meeting, and Greedy's first kill is always an odd kill.","(Предатель):\nЧетные и нечетные убийства будут иметь разные откаты убийст. Время отката убийства сбрасывается каждую встерчу, первое убийство всегда считается нечетным убийством.","(内鬼阵营):\n贪婪者奇数次和偶数次的击杀，会拥有不同的击杀冷却。每次开会都会重置贪婪者的击杀冷却，贪婪者的第一次击杀永远是奇数击杀。","(内鬼阵营):\n贪婪者奇数次和偶数次的击杀，会拥有不同的击杀冷却。每次开会都会重置贪婪者的击杀冷却，贪婪者的第一次击杀永远是奇数击杀。"
"CursedWolfInfoLong","(内鬼阵营):\n当呪狼即将被击杀时，呪狼会将凶手诅咒致死。（可以反击的次数根据房主设定）","(Impostors):\nWhen the CursedWolf is about to be killed, the CursedWolf will curse the killer to death. (The max of times you can counterattack is set by the host)","(Предатель):\nКогда Проклятого Волка попытаются убить, Проклятый Волк прокляст убийцу до смерти. (Количество контраттаки настраивается Хостом.)","(内鬼阵营):\n当呪狼即将被击杀时，呪狼会将凶手诅咒致死。（可以反击的次数根据房主设定）","(内鬼阵营):\n当呪狼即将被击杀时，呪狼会将凶手诅咒致死。（可以反击的次数根据房主设定）"
"ImperiusCurseInfoLong","(内鬼阵营):\n夺魂者完成变形后可以与变形目标交换位置。（若目标处于非正常状态例如死亡、被吞、管道内等则无事发生）","(Impostors):\nSoul Catcher can swap places with the shapeshift target after shapeshifting. (If the target is in an abnormal state such as dead, swallowed by pelican, venting, etc., then nothing will happen)","(Предатель):\nПосле того, как Ловец Душ завершит Морф, он может поменяться позициями с целью которую он выбрал.(Если цель находится в ненормальном состоянии, таком как: смерть, проглатывание, нахождение в вентиляции и т.д. то ничего не произойдет).","(内鬼阵营):\n夺魂者完成变形后可以与变形目标交换位置。（若目标处于非正常状态例如死亡、被吞、管道内等则无事发生）","(内鬼阵营):\n夺魂者完成变形后可以与变形目标交换位置。（若目标处于非正常状态例如死亡、被吞、管道内等则无事发生）"
"QuickShooterInfoLong","(内鬼阵营):\n当击杀冷却结束时，快枪手可以通过变形重置击杀冷却并储存一颗子弹（储存成功时快枪手身上会出现仅自己可见的护盾破碎动画作为提示）。快枪手完成击杀后可以用子弹抵消击杀冷却，直到子弹耗尽。每次会议开始快枪手只能保留一定数量的子弹（数量根据房主设定）。","(Impostors):\nWhen the kill cooldown is over, the Quick Shooter can reset the kill cooldown by shapeshift and store a bullet (when the storage is successful, a shield-animation visible only to himself will appear on the his body as a reminder). After a Quick Shooter completes a kill, he can offset the kill cooldown with bullets until he runs out of bullets. At the beginning of each meeting, the Quick Shooter can only keep a certain number of bullets (the number is set by the host).","(Предатель):\nКогда откат убийства истекло, быстрый стрелок может сбросить откат убийства морфом и сохранив пулю (когда хранение прошло успешно, на нём появится анимация разрушения щита, видимая только ему самому). После того, как Стрелок совершит убийство, он может компенсировать время отката убийства пулями, пока у него не закончатся пули. В начале каждой встречи  Стрелок может оставить только определенное количество патронов (количество устанавливается Хостом).","(内鬼阵营):\n当击杀冷却结束时，快枪手可以通过变形重置击杀冷却并储存一颗子弹（储存成功时快枪手身上会出现仅自己可见的护盾破碎动画作为提示）。快枪手完成击杀后可以用子弹抵消击杀冷却，直到子弹耗尽。每次会议开始快枪手只能保留一定数量的子弹（数量根据房主设定）。","(内鬼阵营):\n当击杀冷却结束时，快枪手可以通过变形重置击杀冷却并储存一颗子弹（储存成功时快枪手身上会出现仅自己可见的护盾破碎动画作为提示）。快枪手完成击杀后可以用子弹抵消击杀冷却，直到子弹耗尽。每次会议开始快枪手只能保留一定数量的子弹（数量根据房主设定）。"
"ConcealerInfoLong","(内鬼阵营):\n隐蔽者变形后会让所有人变成小黑人，这个状态下所有人都看起来得一模一样。隐蔽者恢复变形后技能失效。请注意：通讯破坏小黑人与隐蔽者的技能可以叠加。请注意：隐蔽者发动技能期间召开会议则技能失效。","(Impostors):\nThe camouflage effect occurs when the Concealer shapeshift, and everyone looks exactly the same in this state. This state ends when the Concealer revert its shapeshifting. Note: the skills of communication sabotage camouflage and Concealer can be superimposed. Note: the skill will be invalid if a meeting is held during the skill activation of the Concealer.","(Предатель):\nПосле того, как Консилер Морфанётся, все превратятся в маленьких черных человечков, и все в этом состоянии будут выглядеть совершенно одинаково. Продолжительность действия навыка устанавливается Хостом. Пожалуйста, обратите внимание: Когда все становятся маленькими черными человечками и одновременно работает камуфляж, они могут быть наложены друг на друга.","(内鬼阵营):\n隐蔽者变形后会让所有人变成小黑人，这个状态下所有人都看起来得一模一样。隐蔽者恢复变形后技能失效。请注意：通讯破坏小黑人与隐蔽者的技能可以叠加。请注意：隐蔽者发动技能期间召开会议则技能失效。","(内鬼阵营):\n隐蔽者变形后会让所有人变成小黑人，这个状态下所有人都看起来得一模一样。隐蔽者恢复变形后技能失效。请注意：通讯破坏小黑人与隐蔽者的技能可以叠加。请注意：隐蔽者发动技能期间召开会议则技能失效。"
"EraserInfoLong","(内鬼阵营):\n抹除者可以在会议上投票给任意船员阵营目标以抹除目标的职业技能，抹除将在会议结束后生效。请注意：被抹除技能的玩家将被永远视为白板，包括游戏结算页面。","(Impostors):\nEraser can vote for any crew target at the meeting to erase the target's roles, and the erasure will take effect after the meeting ends. Note: Players whose skills are erased will always be considered a vanilla role, including the game result page.","(Предатель):\nСтирачка может проголосовать за любого Члена Экипажа на собрании, чтобы стереть профессиональные навыки цели, и удаление вступит в силу после собрания. Пожалуйста, обратите внимание: Игроки со стертыми навыками всегда будут рассматриваться как белые доски, включая резкльтат игры","(内鬼阵营):\n抹除者可以在会议上投票给任意船员阵营目标以抹除目标的职业技能，抹除将在会议结束后生效。请注意：被抹除技能的玩家将被永远视为白板，包括游戏结算页面。","(内鬼阵营):\n抹除者可以在会议上投票给任意船员阵营目标以抹除目标的职业技能，抹除将在会议结束后生效。请注意：被抹除技能的玩家将被永远视为白板，包括游戏结算页面。"
"OverKillerInfoLong","(内鬼阵营):\n肢解者击杀（包括被动击杀）的目标会出现多具尸体，以至于报告尸体时无法准确分辨其他受害者。请注意：因实现原理，被击杀的目标不得不重复地显示自己被击杀的动画，此动画无法跳过且期间无法正常参与会议。此外，若肢解者肢解了复仇者，则复仇者会因愤怒带走全场所有人。\n\n该职业在发动技能时可能造成房主严重卡顿，请谨慎开启。","(Impostors):\nButcher kills (including passive kills) have multiple dead bodies on targets, making it impossible to accurately identify other dead body when reporting. Note: Due to the principle of implementation, the killed target has to repeatedly display the animation of being killed. This animation cannot be skipped and cannot participate in the meeting normally during this period. In addition, if the Butcher kills the Avenger, the Avenger will revenges everyone in anger.\n\nThis role may cause serious lag to the host when activating the skill, please enable it with caution.","(Предатель):\nЦель, убитая Мясником, будет рассматриваться как множество трупов, так что другие трупы не могут быть показаны при сообщении о мёртвых. Пожалуйста, обратите внимание: Убитая цель может неоднократно отображать анимацию своего убийства. Эта анимация не может быть пропущена и не может участвовать во встрече в течение периода. Вы должны дождаться окончания анимации, прежде чем сможете нормально участвовать в игре.","(内鬼阵营):\n肢解者击杀（包括被动击杀）的目标会出现多具尸体，以至于报告尸体时无法准确分辨其他受害者。请注意：因实现原理，被击杀的目标不得不重复地显示自己被击杀的动画，此动画无法跳过且期间无法正常参与会议。此外，若肢解者肢解了复仇者，则复仇者会因愤怒带走全场所有人。\n\n该职业在发动技能时可能造成房主严重卡顿，请谨慎开启。","(内鬼阵营):\n肢解者击杀（包括被动击杀）的目标会出现多具尸体，以至于报告尸体时无法准确分辨其他受害者。请注意：因实现原理，被击杀的目标不得不重复地显示自己被击杀的动画，此动画无法跳过且期间无法正常参与会议。此外，若肢解者肢解了复仇者，则复仇者会因愤怒带走全场所有人。\n\n该职业在发动技能时可能造成房主严重卡顿，请谨慎开启。"
"HangmanInfoLong","(内鬼阵营):\n刽子手在变形期间的击杀方式为绞杀，绞杀无视目标的任何状态例如医生的护盾、保镖的守护、大明星的技能等，被绞杀的玩家不会留下尸体，也不会触发其任何技能例如老兵反杀、幸运儿挡伤等（包括附加职业），此外，灵媒也不会得到提示。","(Impostor):\nThe killing method of the Hangman during the shapeshifting is strangling. Strangling ignores any status of the target, such as the shield of the Medic, the protection of the Bodyguard, the skills of the Super Star, etc. The strangled player will not leave a dead body, nor will it trigger any of its skills For example, Veteran kill back, Luckey stay alive, etc. (including additional roles), in addition, Seer will not be prompted.","(Предатель):\nВешатель убивает игроков, душа их. Удушение игнорирует любой вид защиты, такой как щит Медика, защита Телохранителя и тд. Игрок, которого задушили, не оставит тела и не активирует ни одну из способностей, таких как самозащита Ветерана, удача Удачника. Не появляется для Экстрасенса.","(内鬼阵营):\n刽子手在变形期间的击杀方式为绞杀，绞杀无视目标的任何状态例如医生的护盾、保镖的守护、大明星的技能等，被绞杀的玩家不会留下尸体，也不会触发其任何技能例如老兵反杀、幸运儿挡伤等（包括附加职业），此外，灵媒也不会得到提示。","(内鬼阵营):\n刽子手在变形期间的击杀方式为绞杀，绞杀无视目标的任何状态例如医生的护盾、保镖的守护、大明星的技能等，被绞杀的玩家不会留下尸体，也不会触发其任何技能例如老兵反杀、幸运儿挡伤等（包括附加职业），此外，灵媒也不会得到提示。"

"# 船员阵营 / Crewmates descriptions"
"BaitInfoLong","(船员阵营):\n诱饵被击杀时，击杀诱饵的凶手将被迫报告诱饵的尸体。但诱饵被清道夫或清理工击杀时技能会失效。","(Crewmates):\nWhen a Bait is killed, the murderer who killed the Bait will be forced to report the Bait's body. However, the skill will be invalid when the Bait is killed by a Scavenger or Cleaner.","(Член Экипажа):\nКогда Байта убивают, он заставляет убившего игрока \nмоментально зарепортить ваш труп.","(船员阵营):\n诱饵被击杀时，击杀诱饵的凶手将被迫报告诱饵的尸体。但诱饵被清道夫或清理工击杀时技能会失效。","(船员阵营):\n诱饵被击杀时，击杀诱饵的凶手将被迫报告诱饵的尸体。但诱饵被清道夫或清理工击杀时技能会失效。"
"LuckeyInfoLong","(船员阵营):\n幸运儿被击杀时，有概率抵挡这次死亡，具体概率根据房主设定。抵挡生效时凶手会看到幸运儿的身上出现护盾破碎的效果，但幸运儿自己什么都不会知道。","(Crewmates):\nWhen a player attempts to kill the Luckey, there is a probability for the Luckey to evade the kill, and the specific probability is set by the host. When the evasion takes effect, the killer will see the shield-animation on Luckey's body, but Luckey themselves will not know anything.","(Член Экипажа):\nУ Удачника будет возникать определенная вероятность того, что Убийца не сможет убить Удачника, вероятность устанавливается в зависимости от настроек Хоста. Убийца увидит эффект разрушения щита ангела на теле Удачника, но сам Удачник при этом ничего не узнает.","(船员阵营):\n幸运儿被击杀时，有概率抵挡这次死亡，具体概率根据房主设定。抵挡生效时凶手会看到幸运儿的身上出现护盾破碎的效果，但幸运儿自己什么都不会知道。","(船员阵营):\n幸运儿被击杀时，有概率抵挡这次死亡，具体概率根据房主设定。抵挡生效时凶手会看到幸运儿的身上出现护盾破碎的效果，但幸运儿自己什么都不会知道。"
"NeedyInfoLong","(船员阵营):\n摆烂人只有一个任务。另外，懒得要死的摆烂人并不会参与那些繁琐的事情，比如当黑客的替罪羊、给术士或者傀儡师办事之类的。摆烂人也不会拥有附加职业。","(Crewmates):\nLazy Guy only have one task. In addition, Impostor's abilities can't affect the Lazy Guy, such as being a scapegoat for a Hacker, marked by a Warlock or Puppeteer, and more. Lazy Guy will not have additional role.","(Член Экипажа):\nУ него есть только одно задание. Кроме того Ленивому Парню которому слишком лень умирать, не будет участвовать в утомительных вещах, таких как: быть тем кто зарепортит труп для Хакера, не станет работать на Колдуна или на Кукловода и т.д. \nЛенивый Парень никогда не станет Любовником или Нептуном.","(船员阵营):\n摆烂人只有一个任务。另外，懒得要死的摆烂人并不会参与那些繁琐的事情，比如当黑客的替罪羊、给术士或者傀儡师办事之类的。摆烂人也不会拥有附加职业。","(船员阵营):\n摆烂人只有一个任务。另外，懒得要死的摆烂人并不会参与那些繁琐的事情，比如当黑客的替罪羊、给术士或者傀儡师办事之类的。摆烂人也不会拥有附加职业。"
"SuperStarInfoLong","(船员阵营):\n明星的名字旁会有星星的标识，所以大家都知道谁是大明星。只有凶手与大明星独处的时候才可以击杀大明星（仅限常规击杀）。此外，大明星不会参与赌博这种事情哦。（无法被赌怪猜测）","(Crewmates):\nThere will be a star logo next to the Super Star's name, so everyone knows who the Super Star is. The Super Star can only be killed when the Murderer is alone with the Super Star (regular kills only). In addition, Super Star is unable to be guessed by the Guesser.","(Член Экипажа):\nРядом с никнеймом Супер Звезды будет логотип звезды(★), чтобы все знали, кто является Супер Звездой. Кроме того Супер Звезду не смогут угадать все Угадывающие роли. (Сами Угадыватели не будут умирать если попытается угадать Супер Звезду)","(船员阵营):\n明星的名字旁会有星星的标识，所以大家都知道谁是大明星。只有凶手与大明星独处的时候才可以击杀大明星（仅限常规击杀）。此外，大明星不会参与赌博这种事情哦。（无法被赌怪猜测）","(船员阵营):\n明星的名字旁会有星星的标识，所以大家都知道谁是大明星。只有凶手与大明星独处的时候才可以击杀大明星（仅限常规击杀）。此外，大明星不会参与赌博这种事情哦。（无法被赌怪猜测）"
"CyberStarInfoLong","(船员阵营):\n网红死亡时所有船员会看到杀戮闪烁（和灵媒看到的杀戮闪烁一样）并在下次会议时收到新闻报告，而内鬼则全程什么都不知道。","(Crewmates):\nAll Crewmates see the kill-flash when the Celebrity dies (same as the Seer sees the kill-flash) and get a news at the next meeting. The Impostor didn't know anything about this.","(Член Экипажа):\nКогда Знаменитость умрёт, все игроки (или в зависимости от настроек только Члены Экипажа) увидят ''Вспышку Убийства'' и получат новостное сообщение на следующей встрече что Знаменитость умерла, в то время как Предатели и Нейтралы ничего не узнают об этом событии (Так же зависит от настроек).","(船员阵营):\n网红死亡时所有船员会看到杀戮闪烁（和灵媒看到的杀戮闪烁一样）并在下次会议时收到新闻报告，而内鬼则全程什么都不知道。","(船员阵营):\n网红死亡时所有船员会看到杀戮闪烁（和灵媒看到的杀戮闪烁一样）并在下次会议时收到新闻报告，而内鬼则全程什么都不知道。"
"MayorInfoLong","(船员阵营):\n市长再投票时一票算作多票。此外根据房主设置，市长还可能拥有跳通风管道触发紧急会议的技能。","(Crewmates):\nWhen the Mayor votes, one vote counts as multiple votes. In addition, depending on the settings of the host, the Mayor may also have the ability to vent to trigger an emergency meeting.","(Член Экипажа):\nМэр можете иметь несколько голосов на собрании, и проголосовать за любого игрока этими доп. голосами или \nпросто отдать все голоса в скип.","(船员阵营):\n市长再投票时一票算作多票。此外根据房主设置，市长还可能拥有跳通风管道触发紧急会议的技能。","(船员阵营):\n市长再投票时一票算作多票。此外根据房主设置，市长还可能拥有跳通风管道触发紧急会议的技能。"
"ParanoiaInfoLong","(船员阵营):\n被害妄想症使用通风管后会幻想出一个尸体并报告，实际上并不会死人，但的确可以召开会议。","(Crewmates):\nParanoid can call a meeting by venting. The report animation will show a dead body with Paranoid's color, but the Paranoid is not actually dead.","(Член Экипажа):\nПараноик будет фантазировать о трупе и созывать срочное собрание при использовании вентиляции. Но на самом деле, никакого трупа нет, но всё равно может провести срочное собрание.","(船员阵营):\n被害妄想症使用通风管后会幻想出一个尸体并报告，实际上并不会死人，但的确可以召开会议。","(船员阵营):\n被害妄想症使用通风管后会幻想出一个尸体并报告，实际上并不会死人，但的确可以召开会议。"
"PsychicInfoLong","(船员阵营):\n愚者能够在会议期间看到数名玩家的名字以红色突出显示，其中至少一名是邪恶的。愚者成为叛徒时将准确地看到所有中立以及带刀船员玩家显示为红名。","(Crewmates):\nThe Psychic can see the names of several players highlighted in red during the meeting, at least one of them is evil. The Psychic will correctly see all Neutrals and Killing Crewmates displayed as red names when becoming a Madmate.","(Член Экипажа):\nЭкстрасенс может видеть потенциально злых игроков во время встречи. Экстрасенс увидит никнеймы нескольких игроков, которые выделены красным цветом, по крайней мере, один из них точно окажется злым.","(船员阵营):\n愚者能够在会议期间看到数名玩家的名字以红色突出显示，其中至少一名是邪恶的。愚者成为叛徒时将准确地看到所有中立以及带刀船员玩家显示为红名。","(船员阵营):\n愚者能够在会议期间看到数名玩家的名字以红色突出显示，其中至少一名是邪恶的。愚者成为叛徒时将准确地看到所有中立以及带刀船员玩家显示为红名。"
"SabotageMasterInfoLong","(船员阵营):\n修理工可以随意使用通风管道，你甚至可以把通风管当成自己的家永远不出来。氧气泄露、核反应堆熔毁以及米拉总部的通讯破坏修理工只需要修复一边则另一边即可同时被修复。修理工只需要按一个开关便可以修复照明破坏。修理工打开波鲁斯与飞艇地图的门时修理工所在房间的所有门同时打开。","(Crewmates):\nThe Repairman can use the vent at any time. They can also fix Reactors, O2, Communications by using only one side. Lights can be fixed by flicking only one switch. Opening a door will open all doors in the map.","(Член Экипажа):\nРемонтник может использовать вентиляцию в любое время, и он может даже относиться к нему как к собственному дому и никогда не выходить из нее. \nТакже он может в одиночку починить саботажи такие, как: Саботаж Реактора, Саботаж O2 и Саботаж Связи. \nТак же он может починить Саботаж Света коснувшись лишь одного рычага. \nОткрытие одной двери позволяет открыть все двери в этой комнате.","(船员阵营):\n修理工可以随意使用通风管道，你甚至可以把通风管当成自己的家永远不出来。氧气泄露、核反应堆熔毁以及米拉总部的通讯破坏修理工只需要修复一边则另一边即可同时被修复。修理工只需要按一个开关便可以修复照明破坏。修理工打开波鲁斯与飞艇地图的门时修理工所在房间的所有门同时打开。","(船员阵营):\n修理工可以随意使用通风管道，你甚至可以把通风管当成自己的家永远不出来。氧气泄露、核反应堆熔毁以及米拉总部的通讯破坏修理工只需要修复一边则另一边即可同时被修复。修理工只需要按一个开关便可以修复照明破坏。修理工打开波鲁斯与飞艇地图的门时修理工所在房间的所有门同时打开。"
"SheriffInfoLong","(船员阵营):\n警长没有船员任务。警长可以击杀内鬼（根据房间设置，警长也可以击杀中立阵营玩家）。警长若尝试击杀船员阵营的玩家，警长将会走火自杀。警长成为叛徒时可以击杀任何人。","(Crewmates):\nSheriff has no task. The sheriff can kill the Impostor (according to the host settings, the sheriff can also kill neutrals). If the Sheriff tries to kill a cremate, the Sheriff will kill himself. The sheriff can kill anyone when he becomes a madmate (also according to the host settings).","(Член Экипажа):\nШериф может убивать Предателей. \nЕсть настройка, позволяющая убить даже Нейтралов. \nОднако если Шериф попытается убить Члена Экипажа, то это приведёт к его смерти. У него нет заданий.","(船员阵营):\n警长没有船员任务。警长可以击杀内鬼（根据房间设置，警长也可以击杀中立阵营玩家）。警长若尝试击杀船员阵营的玩家，警长将会走火自杀。警长成为叛徒时可以击杀任何人。","(船员阵营):\n警长没有船员任务。警长可以击杀内鬼（根据房间设置，警长也可以击杀中立阵营玩家）。警长若尝试击杀船员阵营的玩家，警长将会走火自杀。警长成为叛徒时可以击杀任何人。"
"SnitchInfoLong","(船员阵营):\n告密者完成所有任务后，将可以看到以红色昵称表示的所有内鬼。当告密者仅剩一个任务的时候，内鬼将会看到自己以及告密者的昵称旁边有「★」作为提示。告密者成为叛徒时，「★」标记变为红色。","(Crewmates):\nAfter the Snitch completes all tasks, they can see Impostors names being displayed in red on meeting. When the Snitch has only one task left, the Impostors will see a "★" mark next to the name of themselves and the Snitch. When a Snitch becomes a Madmate, the "★" mark turns red.","(Член Экипажа):\nКак только Стукач выполнит все задания, то никнейм у всех Предателей будет отображаться \nкрасным цветом, и наоборот, если количество ваших заданий будет близка к завершению, \nто рядом с никнеймом Стукача появится звёздочка★, которая будет видна Предателям.","(船员阵营):\n告密者完成所有任务后，将可以看到以红色昵称表示的所有内鬼。当告密者仅剩一个任务的时候，内鬼将会看到自己以及告密者的昵称旁边有「★」作为提示。告密者成为叛徒时，「★」标记变为红色。","(船员阵营):\n告密者完成所有任务后，将可以看到以红色昵称表示的所有内鬼。当告密者仅剩一个任务的时候，内鬼将会看到自己以及告密者的昵称旁边有「★」作为提示。告密者成为叛徒时，「★」标记变为红色。"
"SpeedBoosterInfoLong","(船员阵营):\n增速者每次完成任务都会增加自己的移动速度。请注意：由于技术限制，增速者在其他人眼中为正常速度，所以会以闪现的方式移动。","(Crewmates):\nSpeed Booster increase their movement speed every time they complete a task. Note: due to technical limitations, the Speed Booster appears to be at a normal speed to others, so they look like glitch.","(Член Экипажа):\nУскоритель будет увеличивать свою скорость передвижения каждый раз, когда он выполняет задание. Пожалуйста, обратите внимание: Из-за технических ограничений у других игроков его скорость будет прежней, поэтому он иногда будет пинговать.","(船员阵营):\n增速者每次完成任务都会增加自己的移动速度。请注意：由于技术限制，增速者在其他人眼中为正常速度，所以会以闪现的方式移动。","(船员阵营):\n增速者每次完成任务都会增加自己的移动速度。请注意：由于技术限制，增速者在其他人眼中为正常速度，所以会以闪现的方式移动。"
"DoctorInfoLong","(船员阵营):\n法医可以查看生命监测装置并确认死亡玩家的死因。查看的时间长短与设备的充能数挂钩。","(Crewmates):\nDoctor can see the cause of death for all players. In addition, Doctor can access vitals wherever you are while he still have battery.","(Член Экипажа):\nДоктор может узнать причину смерти игрока. \nКроме того, он имеет портативные пульсы как у учёного, которые он может использовать в любом месте, пока у него не закончится зарядка.","(船员阵营):\n法医可以查看生命监测装置并确认死亡玩家的死因。查看的时间长短与设备的充能数挂钩。","(船员阵营):\n法医可以查看生命监测装置并确认死亡玩家的死因。查看的时间长短与设备的充能数挂钩。"
"TrapperInfoLong","(船员阵营):\n陷阱师被击杀时，凶手一段时间内将不能移动。","(Crewmates):\nWhen Beartrap is killed, Beartrap immobilize killer for a configurable amount of time.","(Член Экипажа):\nПосле того как Капкан убьют, то его убийца будет обездвижен на несколько секунд. (время зависит от настроек)","(船员阵营):\n陷阱师被击杀时，凶手一段时间内将不能移动。","(船员阵营):\n陷阱师被击杀时，凶手一段时间内将不能移动。"
"DictatorInfoLong","(船员阵营):\n当独裁者在会议阶段投票给玩家后，会议会被强制结束并放逐其投票对象。该技能发动的代价是独裁者会自杀。说白了就是一换一。","(Crewmates):\nWhen Dictator vote someone, the meeting will end on the spot and the player he voted will be ejected. The moment Dictator vote someone out, Dictator will also die.","(Член Экипажа):\nЕсли Диктатор проголосует за любого игрока во время собрания, он сможет принудительно завершить собрание и кикнуть игрока за которого он отдал голос \nТак же Диктатор умрёт после собрания когда он отдаст голос.","(船员阵营):\n当独裁者在会议阶段投票给玩家后，会议会被强制结束并放逐其投票对象。该技能发动的代价是独裁者会自杀。说白了就是一换一。","(船员阵营):\n当独裁者在会议阶段投票给玩家后，会议会被强制结束并放逐其投票对象。该技能发动的代价是独裁者会自杀。说白了就是一换一。"
"DetectiveInfoLong","(船员阵营):\n侦探报告尸体后，会收到一条线索消息，该消息会告诉侦探被害者的职业是什么，根据房主设定，侦探可能知道凶手的职业是什么。请注意：侦探不会成为胆小鬼。","(Crewmate):\nAfter the Detective reports the body, he will receive a clue message, which will tell the Detective what the victim's role is. According to the host's settings, the Detective may know what the murderer's role is. Note: Detective won't be Oblivious.","(Член Экипажа):\nПосле того, как Детектив зарепортит труп, он получит сообщение с подсказкой, которое сообщит Детективу, какая была роль у трупа. В зависимости от настроек Детектив может даже знать, какая роль у убийцы жертвы","(船员阵营):\n侦探报告尸体后，会收到一条线索消息，该消息会告诉侦探被害者的职业是什么，根据房主设定，侦探可能知道凶手的职业是什么。请注意：侦探不会成为胆小鬼。","(船员阵营):\n侦探报告尸体后，会收到一条线索消息，该消息会告诉侦探被害者的职业是什么，根据房主设定，侦探可能知道凶手的职业是什么。请注意：侦探不会成为胆小鬼。"
"UndercoverInfoLong","(船员阵营):\n内鬼会将卧底认作自己的队友，但卧底并不知道内鬼是谁。","(Crewmates):\nThe Impostors knows who Undercover is and sees him as a teammate, but Undercover himself does not know who the Impostors are.","(Член Экипажа):\nПредатели знают кто является Агентом и видят его как своего товарища по команде, но сам Агент не знает, кто является Предателем.","(船员阵营):\n内鬼会将卧底认作自己的队友，但卧底并不知道内鬼是谁。","(船员阵营):\n内鬼会将卧底认作自己的队友，但卧底并不知道内鬼是谁。"
"NiceGuesserInfoLong","(船员阵营):\n正义赌怪可以在会议时猜测某位玩家的职业，正确则击杀目标，错误则会自杀。\n猜测指令为：/bt [玩家编号] [职业名]\n您可以在玩家名字前看到该玩家的编号，或者使用/id指令查看所有玩家的编号。当正义赌怪成为叛徒时可以猜测船员。","(Crewmates):\nThe Nice Guesser can guess the role of a certain player during the meeting. If it is correct, it will kill the target, and if it is wrong, Nice Guesser will suicide.\nThe guessing command is: /bt [player id] [role]\nYou can see the player's id before the player's name, or use the /id command to view the id of all players.\nNice Guesser can guess crewmate when become madmate.","(Член Экипажа):\nДобрый Угадыватель может угадывать роли определённого игрока во время встречи. Если он угадает роль правильно, то он убьет эту цель, а если неправильно, то он совершит самоубийство. \nКоманда для угадываний: '/bt [Номер игрока] [Название Роли]'' \nПример: /bt 3 Байт \nВы можете увидеть номер игрока перед его никнеймом, или же для просмотра номеров всех игроков нужно использовать команду ''/id'' .","(船员阵营):\n正义赌怪可以在会议时猜测某位玩家的职业，正确则击杀目标，错误则会自杀。\n猜测指令为：/bt [玩家编号] [职业名]\n您可以在玩家名字前看到该玩家的编号，或者使用/id指令查看所有玩家的编号。当正义赌怪成为叛徒时可以猜测船员。","(船员阵营):\n正义赌怪可以在会议时猜测某位玩家的职业，正确则击杀目标，错误则会自杀。\n猜测指令为：/bt [玩家编号] [职业名]\n您可以在玩家名字前看到该玩家的编号，或者使用/id指令查看所有玩家的编号。当正义赌怪成为叛徒时可以猜测船员。"
"SwordsManInfoLong","(船员阵营):\n侠客可以正义击杀任何阵营的人，不过机会只有一次。","(Crewmates):\nKnights have no tasks. Knights can kill any person but they can only do it once.","(Член Экипажа):\nРыцарь может убить любого игрока с любой ролью, но убить он сможет только один раз за игру.","(船员阵营):\n侠客可以正义击杀任何阵营的人，不过机会只有一次。","(船员阵营):\n侠客可以正义击杀任何阵营的人，不过机会只有一次。"
"TransporterInfoLong","(船员阵营):\n每当传送师完成任务，就会有随机两位玩家交换位置，但若剩余玩家不足将什么都不会发生。请注意：管道中的玩家不会被选中。","(Crewmates):\nWhenever the Transporter completes the task, two random players will switch positions, but if there are not enough players left, nothing will happen. Note: Players in the vent will not be selected.","(Член Экипажа):\nВсякий раз, когда Транспортер завершает задание, два случайных игрока меняются местами, но если живых игроков недостаточно, ничего не произойдет. \nПожалуйста, обратите внимание: игроки, которые находятся в вентиляции, выбраны не будут.","(船员阵营):\n每当传送师完成任务，就会有随机两位玩家交换位置，但若剩余玩家不足将什么都不会发生。请注意：管道中的玩家不会被选中。","(船员阵营):\n每当传送师完成任务，就会有随机两位玩家交换位置，但若剩余玩家不足将什么都不会发生。请注意：管道中的玩家不会被选中。"
"TimeManagerInfoLong","(船员阵营):\n时间操控者做的任务越多，会议时间就会越长，当时间操控者死亡则会议时间恢复正常。当时间操控者成为叛徒时则技能变为减少会议时长而不是增加会议时长。","(Crewmates):\nThe more tasks the Time Manager does, the longer the meeting time will be. When the Time Manager dies, the meeting time will return to normal. When the Time Manager becomes a Madmate, the skill changes to reducing the meeting time instead of increasing it.","(Член Экипажа):\nМастер Времени может увеличить время встречи, увеличивается время по мере выполнения заданий. Но когда он умрет, время встречи будет сброшено по умолчанию.","(船员阵营):\n时间操控者做的任务越多，会议时间就会越长，当时间操控者死亡则会议时间恢复正常。当时间操控者成为叛徒时则技能变为减少会议时长而不是增加会议时长。","(船员阵营):\n时间操控者做的任务越多，会议时间就会越长，当时间操控者死亡则会议时间恢复正常。当时间操控者成为叛徒时则技能变为减少会议时长而不是增加会议时长。"
"VeteranInfoLong","(船员阵营):\n老兵可以通过使用通风管道进入戒备状态，如果戒备状态下有玩家尝试击杀老兵，则老兵反杀凶手。老兵进入以及退出戒备状态时会看到自己身上有护盾破碎作为提示。","(Crewmates):\nVeteran can enter the alert state by vent. If a player tries to kill the veteran in the alert state, the veteran will kill the murderer instead. Veteran will see a shield-animation on their body and a text displayed above their heads as a reminder when they enter and exit the alert state.","(Член Экипажа):\nВетеран может перейти в состояние боевой готовности, используя вентиляцию. Если игрок попытается убить Ветерана в состоянии боевой готовности, то Ветеран тут же убьет убийцу. Когда Ветеран входят в состояние боевой готовности и выходят из него, он увидит сломанный щит ангела на своем теле в качестве напоминания.","(船员阵营):\n老兵可以通过使用通风管道进入戒备状态，如果戒备状态下有玩家尝试击杀老兵，则老兵反杀凶手。老兵进入以及退出戒备状态时会看到自己身上有护盾破碎作为提示。","(船员阵营):\n老兵可以通过使用通风管道进入戒备状态，如果戒备状态下有玩家尝试击杀老兵，则老兵反杀凶手。老兵进入以及退出戒备状态时会看到自己身上有护盾破碎作为提示。"
"BodyguardInfoLong","(船员阵营):\n在保镖附近如果有玩家将被击杀，则保镖会阻止这次击杀并与凶手同归于尽。保镖的技能会作用在任何阵营的玩家上。当保镖成为叛徒且凶手不是内鬼的时候，保镖不会发动技能。","(Crewmates):\nIf a player is about to be killed near the Bodyguard, the Bodyguard will prevent the kill and die with the murderer. Bodyguard's skills will affect players of any team. When the Bodyguard becomes a Madmate and the murderer is not an Impostor, the Bodyguard will not activate the skill.","(Член Экипажа):\nЕсли убийца попытается убить игрока рядом с Телохранителем, то Тело-Хранитель предотвратит убийство и умрет вместе с убийцей. Пожалуйста, обратите внимание: Навыки Телохранителем будут работать на игроках любой команды.","(船员阵营):\n在保镖附近如果有玩家将被击杀，则保镖会阻止这次击杀并与凶手同归于尽。保镖的技能会作用在任何阵营的玩家上。当保镖成为叛徒且凶手不是内鬼的时候，保镖不会发动技能。","(船员阵营):\n在保镖附近如果有玩家将被击杀，则保镖会阻止这次击杀并与凶手同归于尽。保镖的技能会作用在任何阵营的玩家上。当保镖成为叛徒且凶手不是内鬼的时候，保镖不会发动技能。"
"CounterfeiterInfoLong","(船员阵营):\n赝品商可以通过击杀键将赝品卖给其他玩家，如贩卖成功赝品商将会看到自己身上出现护盾破碎动画作为提示。赝品将在下一次会议结束后生效，若无击杀能力的玩家持有赝品会立刻走火自杀，若有击杀能力的玩家持有赝品将在他下次尝试击杀时走火自杀。","(Crewmates):\nThe Deceiver can sell the counterfeit to other players through the kill button. If the counterfeit is sold successfully, the Deceiver will see a shield-animation on his body as a reminder. The counterfeit will take effect after the end of the next meeting. If the player with no kill ability holds the counterfeit, he will kill himself immediately. If the player with the kill ability has the counterfeit, he will suicide when he tries to kill someone next time.","(Член Экипажа):\nОбманщик может прередать Обманку другим игрокам с помощью кнопки ''Убить''. Если обманка пройдет успешно, Обманщик увидит анимацию сломанного щита на своем теле в качестве напоминания. Обман вступит в силу после окончания следующей встречи. Если игрок с обманкой будет без способности убивать, он немедленно совершит самоубийство. Если игрок с обманкой будет со способностью убивать игроков, он совершит самоубийство при следующей попытке убить игрока.","(船员阵营):\n赝品商可以通过击杀键将赝品卖给其他玩家，如贩卖成功赝品商将会看到自己身上出现护盾破碎动画作为提示。赝品将在下一次会议结束后生效，若无击杀能力的玩家持有赝品会立刻走火自杀，若有击杀能力的玩家持有赝品将在他下次尝试击杀时走火自杀。","(船员阵营):\n赝品商可以通过击杀键将赝品卖给其他玩家，如贩卖成功赝品商将会看到自己身上出现护盾破碎动画作为提示。赝品将在下一次会议结束后生效，若无击杀能力的玩家持有赝品会立刻走火自杀，若有击杀能力的玩家持有赝品将在他下次尝试击杀时走火自杀。"
"GrenadierInfoLong","(船员阵营):\n掷雷兵可以通过使用通风管道使用闪光弹，闪光弹会导致内鬼失去大部分视野（根据房主设置闪光弹可能影响到中立阵营玩家）。闪光弹生效以及失效时掷雷兵会看到自己身上有护盾破碎作为提示。当掷雷兵成为叛徒时闪光弹只对船员生效。","(Crewmates):\nThe Grenadier can use the vent to use the flashbang, which will cause the Impostor to lose most of the vision (depending on the host's settings, the flashbang may affect neutrals). When the flashbang takes effect and fails, the Grenadier will see the shield-animation on his body as a reminder. Flashbangs only work on the Crewmate when the Grenadier becomes a Madmate.","(Член Экипажа):\nГренадёр может использовать светошумовую бомбу, используя вентиляцию. Светошумовая бомба приведёт к тому, что Предатели потеряют большую часть поля зрения (поле зрение зависит от настроек Хоста, так же светошумовые бомбы могут повлиять на нейтралов). Когда светошумовая бомба сработает и не сработает, гренадер увидит, что их щиты разбиты в качестве напоминания","(船员阵营):\n掷雷兵可以通过使用通风管道使用闪光弹，闪光弹会导致内鬼失去大部分视野（根据房主设置闪光弹可能影响到中立阵营玩家）。闪光弹生效以及失效时掷雷兵会看到自己身上有护盾破碎作为提示。当掷雷兵成为叛徒时闪光弹只对船员生效。","(船员阵营):\n掷雷兵可以通过使用通风管道使用闪光弹，闪光弹会导致内鬼失去大部分视野（根据房主设置闪光弹可能影响到中立阵营玩家）。闪光弹生效以及失效时掷雷兵会看到自己身上有护盾破碎作为提示。当掷雷兵成为叛徒时闪光弹只对船员生效。"
"MedicalerInfoLong","(船员阵营):\n医生可以通过使用击杀按键给目标发放一个护盾，若护盾发放成功则医生会看到目标身上出现护盾破碎动画作为提示，同时目标的名字旁会显示一个蓝色的「●」（仅医生可见）。医生可以发放护盾的数量会显示在医生的名字旁的括号内。每位玩家最多只能持有一个来自医生的护盾。根据房主设定目标可能可以看到自己是否持有护盾（显示在名字旁的蓝色「●」）。","(Crewmates):\nThe Medic can release a shield to the target by using the kill button. If the shield is successfully issued, the doctor will see the shield-animation on the target as a reminder, and a blue "●" will be displayed next to the target's name (only Medic can see). The amount of shields a Medic can release is shown in brackets next to the Medic's name. Each player can hold at most one shield from the Medic. Depending on the host's settings, you may be able to see whether you have a shield (shows a blue "●" next to your name).","(Член Экипажа):\nМедик может наложить на цель щит, нажав кнопку ''Убить''. Если щит снят, Медик увидит анимацию разрушения щита на цели в качестве напоминания, и синий кружек появится рядом с именем цели (виден только для Медика). Количество щитов, которые может дать Медик, написано в скобках рядом с именем Медика. Каждый игрок может иметь не более одного щита от Медика. В зависимости от настроек хоста цель может видеть, есть ли у нее щит (показан синим кружком рядом с ее именем).","(船员阵营):\n医生可以通过使用击杀按键给目标发放一个护盾，若护盾发放成功则医生会看到目标身上出现护盾破碎动画作为提示，同时目标的名字旁会显示一个蓝色的「●」（仅医生可见）。医生可以发放护盾的数量会显示在医生的名字旁的括号内。每位玩家最多只能持有一个来自医生的护盾。根据房主设定目标可能可以看到自己是否持有护盾（显示在名字旁的蓝色「●」）。","(船员阵营):\n医生可以通过使用击杀按键给目标发放一个护盾，若护盾发放成功则医生会看到目标身上出现护盾破碎动画作为提示，同时目标的名字旁会显示一个蓝色的「●」（仅医生可见）。医生可以发放护盾的数量会显示在医生的名字旁的括号内。每位玩家最多只能持有一个来自医生的护盾。根据房主设定目标可能可以看到自己是否持有护盾（显示在名字旁的蓝色「●」）。"
"DivinatorInfoLong","(船员阵营):\n占卜师可以通过在会议上投票给一位玩家以获得该玩家的相关信息，信息与该玩家的主职业关联。若占卜师完成所有任务，占卜时可以直接知道该玩家的具体职业。占卜师每次会议只能占卜一次，占卜次数根据房主设定。","(Crewmates):\nFortune Teller can vote for a player at the meeting to obtain relevant information about that player, which is associated with the player's main role. If the Fortune Teller completes all tasks, he can directly know the specific role of the player when divination. A Fortune Teller can only do one fortune-telling per meeting, and the max of fortune-tellings is set by the host.","(Член Экипажа):\nГадалка может проголосовать за игрока на собрании, чтобы получить актуальную информацию об игроке, и эта информация связана с основным занятием игрока. Гадалка может сделать только одно гадание за встречу, а количество гаданий устанавливает хост.","(船员阵营):\n占卜师可以通过在会议上投票给一位玩家以获得该玩家的相关信息，信息与该玩家的主职业关联。若占卜师完成所有任务，占卜时可以直接知道该玩家的具体职业。占卜师每次会议只能占卜一次，占卜次数根据房主设定。","(船员阵营):\n占卜师可以通过在会议上投票给一位玩家以获得该玩家的相关信息，信息与该玩家的主职业关联。若占卜师完成所有任务，占卜时可以直接知道该玩家的具体职业。占卜师每次会议只能占卜一次，占卜次数根据房主设定。"
"GlitchInfoLong","(船员阵营):\n模组的程序不会将活死人视为存活状态，不过我不知道这样会导致什么。","(Crewmates):\nThe program does not treat the The Glitch as alive. btw I don't know what's going to happen.","(Член Экипажа):\nОшибка не рассматривает живых мертвецов как живых, но я не знаю, к чему это приведет.","(船员阵营):\n模组的程序不会将活死人视为存活状态，不过我不知道这样会导致什么。","(船员阵营):\n模组的程序不会将活死人视为存活状态，不过我不知道这样会导致什么。"
"JudgeInfoLong","(船员阵营):\n法官可以在会议时审判某位玩家的，若目标为邪恶角色则击杀目标（是否邪恶根据房主设定），错误则会自杀。\n审判指令为：/tl [玩家编号]\n您可以在玩家名字前看到该玩家的编号，或者使用/id指令查看所有玩家的编号。当法官成为叛徒时可以随意审判。","(Crewmates):\nThe judge can judge a certain player during the meeting. If the target is evil, the target will be killed (whether it is evil or not is set by the host), and if it is wrong, the judge gonna suicide.\nThe judgment command is: /tl [player id]\nYou can see the player's id before the player's name, or use the /id command to view the id of all players.\nJudges can judge all players when they become Madmate.","(Член Экипажа): Судья может судить определенного игрока во время встречи. Если цель - плохая роль, он будет убит, а если нет, судья покончит с собой.\n Пробная команда: /tl [Номер игрока] \n Вы можете увидеть номер игрока перед именем игрока или использовать команду /id для просмотра номеров всех игроков. Когда судья - Безумец, он может судить любого, кто захочет.","(船员阵营):\n法官可以在会议时审判某位玩家的，若目标为邪恶角色则击杀目标（是否邪恶根据房主设定），错误则会自杀。\n审判指令为：/tl [玩家编号]\n您可以在玩家名字前看到该玩家的编号，或者使用/id指令查看所有玩家的编号。当法官成为叛徒时可以随意审判。","(船员阵营):\n法官可以在会议时审判某位玩家的，若目标为邪恶角色则击杀目标（是否邪恶根据房主设定），错误则会自杀。\n审判指令为：/tl [玩家编号]\n您可以在玩家名字前看到该玩家的编号，或者使用/id指令查看所有玩家的编号。当法官成为叛徒时可以随意审判。"
"MorticianInfoLong","(船员阵营):\n入殓师可以看到指向所有尸体的箭头，入殓师报告尸体可以在会议上得知被害者生前最后一个接触的玩家。请注意：入殓师不会成为胆小鬼。","(Crewmates):\nThe Mortician can see arrows pointing to all dead bodies, and the Mortician reports that the body can know the last player the victim had contact with during the meeting. Note: Mortician won't be Oblivious.","(Член Экипажа):\n Гробовщик может видеть стрелки, указывающие на все трупы. На собрании получает информацию, кто был последний игрок, с которым жертва контактировала при жизни.\n ★Пожалуйста, обратите внимание★ Гробовщик не будет забывчивым.","(船员阵营):\n入殓师可以看到指向所有尸体的箭头，入殓师报告尸体可以在会议上得知被害者生前最后一个接触的玩家。请注意：入殓师不会成为胆小鬼。","(船员阵营):\n入殓师可以看到指向所有尸体的箭头，入殓师报告尸体可以在会议上得知被害者生前最后一个接触的玩家。请注意：入殓师不会成为胆小鬼。"
"MediumshiperInfoLong","(船员阵营):\n当场上有玩家被击杀，通灵师会收到提示。通灵师报告尸体后可以与被害者建立联系，在本次会议结束前，被害者拥有一次机会回答通灵师的问题，只能回答是或否。请注意：通灵师不会成为胆小鬼。","(Crewmember):\nIf a player is killed, the Medium will receive a reminder. After the Medium reports the body, he can establish contact with the victim. Before the end of the meeting, the victim has one chance to answer the Medium's questions, and can only answer yes or no. Note: Medium won't be Oblivious.","(Член экипажа):\n Медиум может установить контакт с жертвой после того, как сообщит о теле. До окончания этой встречи у жертвы есть один шанс ответить на вопрос Медиума, и она может ответить только "да" или "нет".\n ★Пожалуйста, обратите внимание★ Медиумы не будут забывчивыми.","(船员阵营):\n当场上有玩家被击杀，通灵师会收到提示。通灵师报告尸体后可以与被害者建立联系，在本次会议结束前，被害者拥有一次机会回答通灵师的问题，只能回答是或否。请注意：通灵师不会成为胆小鬼。","(船员阵营):\n当场上有玩家被击杀，通灵师会收到提示。通灵师报告尸体后可以与被害者建立联系，在本次会议结束前，被害者拥有一次机会回答通灵师的问题，只能回答是或否。请注意：通灵师不会成为胆小鬼。"
